LEI,Legal Name,Parent LEI,Parent Legal Name
2138001EKHMXC5KAFS42,THE JARRETT DISCRETIONARY SETTLEMENT,N/A,N/A
2138001ELOBRMC5HT384,RATHBONE INLAND REVENUE APPROVED EMPLOYEE SHARE INCENTIVE PLAN,N/A,N/A
2138001ELJ1FL3KDD990,ROSSELSON FAMILY TRUST NO 8,N/A,N/A
2138001EK2JY4ZCVLK12,THE ALFRED JAMES BUTTERFIELD WILL TRUST,N/A,N/A
2138001EL41MSNPF1O43,VT DOWNING INVESTMENT FUNDS ICVC,N/A,N/A
2138001EKCDL1I5QPG73,GRAPHIC ENGINEERING DESIGNS LIMITED,N/A,N/A
2138001ELO9GK8K46N11,PLASMA ENTERPRISES LIMITED,N/A,N/A
2138001EL1PRXH1NBZ83,ADP DIAMOND CUTTING SOLUTIONS LIMITED,N/A,N/A
2138001EK6SY8QESAV69,TISL (HOLDINGS) LTD PENSION SCHEME,N/A,N/A
2138001EKGZ1VR7BSP09,JOHN GAMMAGE BARE TRUST,N/A,N/A
2138001EM7K4D1XQMG77,SHEILA MARGARET ELIZABETH ALLEN WILL TRUST,N/A,N/A
2138001ELXVWPC8ELB48,SWITZERLAND EQUITY,N/A,N/A
2138001EMDT81SZTAI26,SUE DAWSON 2012 #1 DISCRETIONARY TRUST,N/A,N/A
2138001EMPDP32DY9N90,HI-MED SOLUTIONS ΕΤΑΙΡΕΙΑ ΠΕΡΙΟΡΙΣΜΕΝΗΣ ΕΥΘΥΝΗΣ ΕΙΣΑΓΩΓΗΣ ΚΑΙ ΕΜΠΟΡΙΑΣ ΙΑΤΡΙΚΩΝ ΕΙΔΩΝ,N/A,N/A
2138001ELY5F42FOG957,DA VINCI CIS PRIVATE SECTOR GROWTH FUND LIMITED,N/A,N/A
2138001EMQAEN95LO833,PENDEA S.A.,N/A,N/A
2138001EMROZHYY91387,AXA KONZERN AKTIENGESELLSCHAFT,N/A,N/A
2138001ENWGPLH6F4Y25,Columbia Threadneedle Netherlands B.V.,N/A,N/A
2138001EMVLTABK8X624,F S PROPERTIES LONDON LIMITED,N/A,N/A
2138001EMTF7QLU42554,Henry Homes Pension Scheme,N/A,N/A
2138001ENSN8U6FFQ610,PROMENS PACKAGING LIMITED,N/A,N/A
2138001ENZ8PJOC5TD93,TRUSTEES OF MARY LEE DECEASED,N/A,N/A
2138001EN1LU7JKXK374,ΜΑΜΑΛΙΓΚΑΣ ΜΟΝΟΠΡΟΣΩΠΗ ΑΝΩΝΥΜΗ ΕΜΠΟΡΙΚΗ ΒΙΟΤΕΧΝΙΚΗ ΕΤΑΙΡΕΙΑ Α.Ε.,N/A,N/A
2138001ENRBWA5OMOD29,J CLASS SERVICES LIMITED,N/A,N/A
2138001EOM2L8ITYLY13,RENÉ GRØNBÆK,N/A,N/A
2138001EOCDO653UVF72,KINETIC PENSION SSAS,N/A,N/A
2138001EP2AJWL3R6A62,GRENO SERVICES,N/A,N/A
2138001EP8UWNV1TVK87,VESTCAVE LIMITED,N/A,N/A
2138001EMPMCTPBVX702,CUMBRIA THEATRE TRUST,N/A,N/A
2138001EO1GNW95I9888,BNS PENSION TRUSTEES LIMITED,213800TSKOLX4EU6L377,BABCOCK INTERNATIONAL GROUP PLC
2138001ER4Y1352HC110,PACIFIC BASIN EX JAPAN EQUITIES,N/A,N/A
2138001EQL3ZFDHXXZ14,LCH TEXTRADE A/S,N/A,N/A
2138001EPPYIVQH5KG28,"SAD Humenné, a.s.",N/A,N/A
2138001EPF8JDGOZFZ97,ROWLAND ROBERT HARRISS DISCRETIONARY SETTLEMENT,N/A,N/A
2138001EQ3G576171U36,HILLDOWNTREE DEVELOPMENTS LIMITED,N/A,N/A
2138001EQVA9DCNM2Y21,MICHAEL CORNISH CHARITABLE TRUST,N/A,N/A
2138001ERPIH8KF52T45,BHD SOLUTIONS IV SP,N/A,N/A
2138001EQ7LWXGEY3417,THE MISS PANNETT CHARITABLE TRUST,N/A,N/A
2138001EPQINTPZCTD84,FINCHLEY AND GOLDERS GREEN CONSERVATIVE ASSOCIATION,N/A,N/A
2138001EQJUV9SZ6QQ32,KATHLEEN SUSAN KING DEED OF VARIATION TRUST,N/A,N/A
2138001ES3BSKUS9WW04,ΙΩΑΝΝΗΣ ΤΣΙΜΤΣΙΛΗΣ ΚΑΤΑΣΚΕΥΑΣΤΙΚΗ-ΕΚΜΕΤΑΛΕΥΣΗ ΠΛΟΙΩΝ ΑΝΑΨΥΧΗΣ-ΚΟΤΕΡΩΝ-ΘΑΛΑΜΗΓΩΝ Ε.Ε.,N/A,N/A
2138001ES3BBIL3Q9B09,MRS D M ROBERTS MARRIAGE SETTLEMENT,N/A,N/A
2138001ES87NFEWGCS45,ATB SALES LTD EXECUTIVE PENSION SCHEME,N/A,N/A
2138001ESCN3KS6KME97,LUCKRAFT R C DECD - MRS YOUNG FUND,N/A,N/A
2138001ERTHN2EVW3L89,SIENA INCORPORATED CELL LIMITED,N/A,N/A
2138001ETLAA2BB15846,ΑΛΦΑ ΜΕΝΤΙΚΑΛ ΕΙΣΑΓΩΓΕΣ ΚΑΙ ΑΝΤΙΠΡΟΣΩΠΕΙΕΣ ΙΑΤΡΟΤΕΧΝΟΛΟΓΙΚΩΝ ΚΑΙ ΦΑΡΜΑΚΕΥΤΙΚΩΝ ΠΡΟΪΟΝΤΩΝ ΑΝΩΝΥΜΟΣ ΕΜΠΟΡΙΚΗ ΒΙΟΜΗΧΑΝΙΚΗ ΕΤΑΙΡΕΙΑ,N/A,N/A
2138001ESQQ1TWEYGM64,CHUBB SECURITY PENSION FUND,N/A,N/A
2138001ESIIJBU86FG03,SPRINGHILL INVESTMENT HOLDINGS LTD,N/A,N/A
2138001ESLOGVJ8CBU80,TJW PRECISION ENGINEERING LIMITED,N/A,N/A
2138001ET8AD4NWEPU34,MRS S SHER GRANDCHILDREN'S SETTLEMENT 2004,N/A,N/A
2138001ESE95R8SG7O94,W B MORRISON ABSOLUTE TRUST,N/A,N/A
2138001ESXMFYFWW1L89,NUTRICIA EARLY LIFE NUTRITION ROMANIA SRL,N/A,N/A
2138001ETJDVHMBZJ280,ONE LONDON WALL PLACE LIMITED,N/A,N/A
2138001ET7LYA24IGP72,CAPTAIN B R W BELL WILL TRUSTS,N/A,N/A
2138001ESSFLFHW8H613,ARROW GRENOBLE,N/A,N/A
2138001ETWTW2SNX4K33,MARLBOROUGH PENSION TRUSTEES LIMITED,N/A,N/A
2138001ETOK5O7F92L26,THE KAZOKU TRUST,N/A,N/A
2138001ETM1I59JMAI26,BRIAN ALBERT ELLIOTT DECEASED DISCRETIONARY TRUST,N/A,N/A
2138001ETZPUQR3V3972,DELNA TRADING S.A.,N/A,N/A
2138001EU81QDHU4LV42,SPIE FOR YOU INT,N/A,N/A
2138001EUR6F6RXPLH66,MRS J A WOOD DISCRETIONARY TRUST,N/A,N/A
2138001EVDWHZWX9LT55,ORANGE EVENTS & CONSTRUCTIONS ΤΟΥΡΙΣΤΙΚΗ ΚΑΤΑΣΚΕΥΑΣΤΙΚΗ ΕΜΠΟΡΙΚΗ ΜΟΝΟΠΡΟΣΩΠΗ ΑΝΩΝΥΜΗ ΕΤΑΙΡΕΙΑ,N/A,N/A
2138001EVW3GRPNWDB93,SEZZAC LTD,N/A,N/A
2138001EV15AHFGDZY17,BRITISH ENGINEERING SERVICES BIDCO LIMITED,N/A,N/A
2138001EVG8CV4L2BI16,RICHARD WATTS AND THE CITY OF ROCHESTER ALMSHOUSE CHARITIES,N/A,N/A
2138001EVS597PDRUM59,HESTIA INVESTMENTS LIMITED,N/A,N/A
2138001EVIPUB5H14A64,RIVOLI INTERNATIONAL MANAGEMENT COMPANY LIMITED,N/A,N/A
2138001EVWNV3OWBSV34,"ΦΟΥΤΖΙ ΦΙΛΜ ΕΛΛΑΣ ΑΝΩΝΥΜΗ ΕΜΠΟΡΙΚΗ ΚΑΙ ΒΙΟΜΗΧΑΝΙΚΗ ΕΤΑΙΡΕΙΑ, ΦΩΤΟΓΡΑΦΙΚΩΝ ΜΑΓΝΗΤΙΚΩΝ ΚΑΙ ΧΗΜΙΚΩΝ ΠΡΟΪΟΝΤΩΝ",N/A,N/A
2138001EW2A1YH1J5A10,LAS PALMAS FINANCIAL LIMITED,N/A,N/A
2138001EW5A5GYSHQ725,GAFFLANDS LIMITED,N/A,N/A
2138001EVX2765YDOF78,PALACE GATE PENSION SCHEME,N/A,N/A
2138001EW7JGUAXB2F13,AVIVA INVESTORS MULTI-ASSET SUSTAINABLE STEWARDSHIP FUND IV,N/A,N/A
2138001EVYT2OI1C4Y98,CORERO NETWORK SECURITY PLC,N/A,N/A
2138001EV33N2LSFCM91,QUANTILE INC.,2138008G1UZG2VYK9C07,QUANTILE TECHNOLOGIES LIMITED
2138001EVOTPC5BECX27,RAYMAN FINANCE LIMITED,213800A357TKB2TD9U78,CLS HOLDINGS PLC
2138001EYN6PJFUTWC48,HENRY JAMES OSMAN DECEASED,N/A,N/A
2138001EYQZTSAUAH673,"B-ARANYKORONA"" MEZŐGAZDASÁGI TERMELŐ, FORGALMAZÓ ÉS SZOLGÁLTATÓ KORLÁTOLT FELELŐSSÉGŰ TÁRSASÁG",N/A,N/A
2138001EWOWE7NLMAI39,SUNNY-SIDE DEVELOPMENT S.A.,N/A,N/A
2138001EXFNP9E7AYB46,EASY POWER ΑΝΩΝΥΜΗ ΕΤΑΙΡΙΑ ΠΑΡΟΧΗΣ ΥΠΗΡΕΣΙΩΝ ΔΗΜΙΟΥΡΓΙΑΣ ΚΑΙ ΔΙΑΧΕΙΡΙΣΗΣ ΜΟΝΑΔΩΝ ΠΑΡΑΓΩΓΗΣ ΗΛΕΚΤΡΙΚΗΣ ΕΝΕΡΓΕΙΑΣ ΑΠΟ ΑΝΑΝΕΩΣΙΜΕΣ ΠΗΓΕΣ ΕΝΕΡΓΕΙΑΣ,N/A,N/A
2138001EWGX948DHUZ52,ARAF CUB LIMITED,N/A,N/A
2138001EYW8ZIIJDEQ10,BEARSTED PEERAGE FUND SETTLEMENT,N/A,N/A
2138001EX9IFPKPOPU25,FIRST ISLAND TRUSTEES LTD AS TRUSTEEE OF THE PRIMROSE COTTAGE TRUST,N/A,N/A
2138001EXULE86241P84,SHELBOURNE LIMITED,N/A,N/A
2138001EW9QYC22TJN91,CL VI VENTURES OFFSHORE HC L.P.,N/A,N/A
2138001EXDPZLRFPJK63,CONSULTCO TRADING LIMITED,N/A,N/A
2138001EZ489X799RS36,THE NIGEL BICKNELL WILL TRUST,N/A,N/A
2138001EZ1VH4W72GV36,ΘΕΜΕΛΗ ΑΕ ΑΝΩΝΥΜΗ ΤΕΧΝΙΚΗ ΕΤΑΙΡΕΙΑ,N/A,N/A
2138001EZJ86ABPRPL94,กองทุนเปิด อเบอร์ดีน โกลบอล ไดนามิค ดีวิเด็น ฟันด์,N/A,N/A
2138001EZE5LLCEKUB23,CELIA MURRAY'S 3RD WILL TRUST,N/A,N/A
2138001EZPDMNG3B8E04,ROPPENHEIM OUTLET SNC,O06XD7BJ4EPXNABVFN69,Teachers Insurance and Annuity Association of America
2138001EZW7UWVN6VO98,NEW QUAY MANAGEMENT LIMITED,N/A,N/A
2138001F297KELBIX359,LIGHTSOURCE ASSET MANAGEMENT LIMITED,N/A,N/A
2138001F1JYT91CA2Q64,GATES BIDCO LIMITED,N/A,N/A
2138001F13KOYSY4VS60,IVY ANGEL TRUST,N/A,N/A
2138001F2KV5BXCRCW25,THE SEA CONTAINERS 1990 PENSION SCHEME,N/A,N/A
2138001F1316VRR2B783,KALİBRE BORU SANAYİ VE TİCARET ANONİM ŞİRKETİ,N/A,N/A
2138001F2FN7D79MOT48,NUEVA TERRAIN S.L.,N/A,N/A
2138001F17HLX5FZUQ86,SHIRES ESTATE AGENTS LIMITED,N/A,N/A
2138001F2CQRCNKL8861,BRIGHTON & HOVE SOIREE ROTARY SETTLEMENT,N/A,N/A
2138001F2B6O144J6N81,MRS AVRIL ANNE BANBURY DISCRETIONARY TRUST,N/A,N/A
2138001F3A7U8NEDX521,MARTIN EDWARD FAULKNER WILL TRUST,N/A,N/A
2138001F3LCM1SYRXQ37,HYDER CONSULTING GROUP LIMITED,N/A,N/A
2138001F2UIRW7C1JS07,LINPAC GROUP HOLDINGS LIMITED,N/A,N/A
2138001F3MKICSZPFF81,ANTAS LIMITED,N/A,N/A
2138001F34CAZFUXFG45,7IM AAP MODERATELY ADVENTUROUS FUND,N/A,N/A
2138001F4RA7TSK1UB88,MRS ERIKA G BLAZQUEZ DISCRETIONARY TRUST 245623,N/A,N/A
2138001F5FKSV9DFU294,QUADSCOT PRECISION ENGINEERS LIMITED,N/A,N/A
2138001F47T6DCRYHW27,BRITCOM INTERNATIONAL LIMITED,N/A,N/A
2138001F547P676IVU21,"JOHNSON CONTROLS BATTERY GROUP, INC.",N/A,N/A
2138001F5AU3N3ZPW894,TOPAS 4 NO.3 CLASS AA SUB-FUND (JPY) FOR QUALIFIED INSTITUTIONAL INVESTORS ONLY,N/A,N/A
2138001F3PHLFVHGS933,Ove Schlæger,N/A,N/A
2138001F46S4MQKTNU25,HSBC FUNDS - HSBC WORLD SELECTION FUNDS - BALANCED STRATEGY FUND,N/A,N/A
2138001F3O1XFJ5BUR79,مجوهرات الزهراء (ش . ذ. م. م),N/A,N/A
2138001F4YQ5M89B5457,ARQAAM CAPITAL VALUE FUND LIMITED,N/A,N/A
2138001F6ARRMPPGEP19,THE STOREY WILL TRUST,N/A,N/A
2138001F73M28OEBIG03,ALPINE CLUB,N/A,N/A
2138001F5NFGJJQ7TC19,THE REB SPEIRS NO.1 SETTLEMENT,N/A,N/A
2138001F4NVOZM27WF08,บริษัท ยารา (ประเทศไทย) จำกัด,213800WKOUWXWFJ5Z514,YARA INTERNATIONAL ASA
2138001F5UFCHIKAD673,MRS M J HILL-SMITH SETTLEMENT,N/A,N/A
2138001F5ZZTD3HZV168,G W BUSINESS CONSULTING LTD PENSION SCHEME,N/A,N/A
2138001F7XEIVHHHYO53,CAMERON FAMILY TRUST,N/A,N/A
2138001F8YCA7DTQT703,NYHAVN 43 A/S,N/A,N/A
2138001F9FEOSX61TW52,P E GARSIDE LIMITED,N/A,N/A
2138001F931AW8F64J31,CECIL HOWARD BURCHELL COTTON WILL TRUST,N/A,N/A
2138001F9BVHUCKK7389,IB BYPASS TRUST,N/A,N/A
2138001F7QHYQOAJHW94,AURIGA INVESTORS - MONTSERRAT GLOBAL FUND,N/A,N/A
2138001F8EWRQQKGFA78,CONCENTRATED LONG FUND,N/A,N/A
2138001F7K1HOS44QF22,MRS EDEL-GARD KILB DISCRETIONARY,N/A,N/A
2138001F77YN7UTCOE28,WILLIAM DEMANT INVEST A/S,N/A,N/A
2138001F8LTXZ6E9AJ36,F C FLACK WILL TRUST,N/A,N/A
2138001F9LUZ1Q5P8P61,NEPTUNE-CALCULUS INCOME AND GROWTH VCT PLC,N/A,N/A
2138001F9HU9YK8TKU54,JANUS HENDERSON EUROPEAN SMALLER COMPANIES FUND,N/A,N/A
2138001F9NHQP7S8H382,AMUNDI SOLUZIONI ITALIA - OBBLIGAZIONARIO RENDIMENTO PLUS 02/2025,N/A,N/A
2138001F9MT59CY8CB39,JEAN JAFFA MARRIAGE SETTLEMENT NO 79,N/A,N/A
2138001F9H9SMQ48EF46,FONCIMAG,213800O8G66CK8WQTA66,GALIMMO REAL ESTATE
2138001FA6UMDGXP2H63,GERALD LEIGH CHARITABLE TRUST,N/A,N/A
2138001FB8ICNK1KVV65,TELLES FOUNDATION,N/A,N/A
2138001FANTH7HMDHF19,VT ARGONAUT FLEXIBLE FUND,N/A,N/A
2138001FA8VPVEQ46C66,CHIEF CONSTABLE FUND,N/A,N/A
2138001FCD5C78E16546,ALAN EMERY WILL TRUST,N/A,N/A
2138001FARYMMUT18Q46,ST. JAMES'S PLACE (PROPERTIES) LIMITED,N/A,N/A
2138001FCV182CIGF621,EM ES SFL HEDGE INVESTMENT LTD.,N/A,N/A
2138001FCTYZVE7G2161,BARIL LIMITED,N/A,N/A
2138001FD3B8I8ROO477,FIRETECH CONSULTING LIMITED,N/A,N/A
2138001FDL4JT2R27O20,INFINITY CAPITAL INVESTMENTS LIMITED,N/A,N/A
2138001FDS9W7CPQ6K79,THE CLITHEROE ROYAL GRAMMAR SCHOOL FOUNDATION,N/A,N/A
2138001FEFJY4UWENO15,STELLA IDIENS' GRANDCHILDREN SETTLEMENT,N/A,N/A
2138001FE318M73OZP72,BLUE COAST LISTED INVESTMENTS L.P.,N/A,N/A
2138001FDSSUIS78W319,SINGER CAPITAL MARKETS ADVISORY LLP,N/A,N/A
2138001FBNM7FEYM3I07,TAVIRA MONACO,213800KDMRJLS2KX8Z18,TAVIRA FINANCIAL LIMITED
2138001FFM6CPMGRCW63,THE STAMPITON SSAS,N/A,N/A
2138001FFH4MFNMB4806,LTV INVESTMENT SOLUTION SRL,N/A,N/A
2138001FFJXG4SRWMI15,EASILET INVESTMENTS LIMITED,N/A,N/A
2138001FG6GS2UYQ6P75,CHILDPOSE LIMITED,N/A,N/A
2138001FFBE2287ZWP12,E E GORDON WILL TRUST 7/,N/A,N/A
2138001FFQP5C1GHOR43,THE S C MORDAUNT 2001 TRUST,N/A,N/A
2138001FF8SEPWNSXX60,THE NEIL BAILLIE-HAMILTON TRUST,N/A,N/A
2138001FFZOZSCWN1Y17,A S CHAPMAN WILL TRUST,N/A,N/A
2138001FESA5SOUBPW48,ESTATE OF JAMES D. WOLFENSOHN,N/A,N/A
2138001FGICQ7A5J8H24,M L ACCESSORIES LIMITED,N/A,N/A
2138001FGLHS9G17SB10,WILL OF LUCY LEE DALE-RUDWICK,N/A,N/A
2138001FGJC57P9DFS71,THE STEPHEN FRANCIS ROBERTSON FAMILY SETTLEMENT,N/A,N/A
2138001FGCSA3P747I40,FORMULATRIX INTERNATIONAL HOLDING LTD,N/A,N/A
2138001FG1WT9H257966,THE CLAIRE ELSPETH RIMINGTON COMPENSATION PROECTION BARE TRUST 2010,N/A,N/A
2138001FGR52J8TQVY51,MRS. J.M.F. WALMESLEY'S SETTLEMENT ON MARY,N/A,N/A
2138001FGU3VG5B1PL25,NASSER INTERNATIONAL LIMITED,N/A,N/A
2138001FH1E6UXOL4293,GCO INVESTMENTS LTD,N/A,N/A
2138001FH1COCP8LVC11,ARTEMESIA LIMITED,N/A,N/A
2138001FHRHZECJI3K97,"DEED OF VARIATION , JOHN ALAN TETLOW DECEASED",N/A,N/A
2138001FGS67YLYKG280,MR M. CHEESEMAN'S PERSONAL TRUST THE 1997 APOINTED FUND,N/A,N/A
2138001FHH3WM73BGB12,LEADSPACE LTD,N/A,N/A
2138001FHAA9I3DEP119,ADA COMPUTER SYSTEMS LIMITED PENSION SCHEME,N/A,N/A
2138001FI1VTTVQ8FZ32,WRIGHT CHILDRENS NO 2 TRUST,N/A,N/A
2138001FGS6L65DRW459,THE DARTINGTON HALL TRUST,N/A,N/A
2138001FHI8XIJAS6V68,HEIGHTS (UK) INVESTMENTS LIMITED,N/A,N/A
2138001FI8JTSDERO305,PERSONAL REPRESENTATIVE OF MRS J M MUNRO'S WILL TRUST,N/A,N/A
2138001FIIOS4QDJCG63,THE JOHN SIDNEY LISTER WOODHOUSE WILL TRUST,N/A,N/A
2138001FIABK7C4KO647,MONCEAU MULTI GESTION ACTIONS INTERNATIONALES,N/A,N/A
2138001FI8FFISGOP517,A HAWKER VOLUNTARY SETTLEMENT - J FUND,N/A,N/A
2138001FIKLH6Z4D7Z12,SOVEREIGN GROUP (INTERIORS) LIMITED,N/A,N/A
2138001FJZHQXD5NZ430,MAGYAR SZÁRAZVIRÁG TERMELŐ ÉS KERESKEDELMI KORLÁTOLT FELELŐSSÉGŰ TÁRSASÁG,N/A,N/A
2138001FIVRM45ZL8870,MR J S CARTWRIGHT W/T MRS J V,N/A,N/A
2138001FJQH9W6PW6C50,CRESCENT CAPITAL INVESTMENTS PTY LIMITED,N/A,N/A
2138001FJUS6GR5T6408,CARBON TRADE EXCHANGE LIMITED,N/A,N/A
2138001FJ958CPV52582,THE E S AND R FAIRWEATHER CHARITABLE FOUNDATION,N/A,N/A
2138001FJSQFC3IDHK59,OVERFREIGHT INVESTMENTS (PRIVATE) LIMITED,N/A,N/A
2138001FITVAQ6UJVM54,THE MRS ANNE TIDMARSH SETTLEMENT,N/A,N/A
2138001FL17IV5ZSKJ27,CHRISTIM BECK PROPERTIES LIMITED,N/A,N/A
2138001FL6ENJNCBH384,MARZAMENO LIMITED,N/A,N/A
2138001FKSX84CIB4327,APOLLO 1 INVESTMENTS,N/A,N/A
2138001FLM84J2ZUKP14,BAAS CONSTRUCTION RETIREMENT BENEFIT SCHEME,N/A,N/A
2138001FLPXEXULQNN31,D H LEROY LEWIS WILL TRUST,N/A,N/A
2138001FLQEN4ZGUSO54,GET SET HIRE LTD PENSION SCHEME,N/A,N/A
2138001FLWMVY95NQG97,W A HOOKER TRUST,N/A,N/A
2138001FLQEO7FJAWD96,MRS CONSTANCE ELLEN BEAUMONT DECEASED,N/A,N/A
2138001FM858Z7TIXX77,FARM-FLEET INC,N/A,N/A
2138001FNIK32FFWQ962,THE RSG TRUST,N/A,N/A
2138001FMO2EPHATFU84,MLET PLEDGECO S.À R.L.,N/A,N/A
2138001FO1XQXSFT6E61,HECTOR RETIREMENT BENEFITS SCHEME,N/A,N/A
2138001FN6PBFSIDC904,THE RING WILL TRUST,N/A,N/A
2138001FNOCE933YUY62,I.C.F.C. COMPUTERS LIMITED,N/A,N/A
2138001FNR3B6VQGLZ13,EMILY SHENG REVOCABLE TRUST,N/A,N/A
2138001FN1JNDHRPLS97,MRS J D BEACROFT DECEASED WILL TRUST,N/A,N/A
2138001FOLUYVLNWRS42,THE SUE HAMMERSON FOUNDATION,N/A,N/A
2138001FOFBK1CI2ID60,THE T W WOODHOUSE WILL TRUST 1998,N/A,N/A
2138001FOQJY1ND1EZ03,ALBERT BUTTERWORTH SETTLEMENT PJ WB,N/A,N/A
2138001FOG4QDZYT4B21,BRIARBANK ESTATES LIMITED,N/A,N/A
2138001FO7RFHCTSZC71,IMPERIAL TOBACCO LIMITED,549300DFVPOB67JL3A42,IMPERIAL BRANDS PLC
2138001FO43ZX1PZM138,2 LEFT FEET LIMITED,N/A,N/A
2138001FP99A79FY5B69,ABRDN OEIC V,0TMBS544NMO7GLCE7H90,ABRDN PLC
2138001FQ2L7I7L6GU68,ORKNEY HYPERBARIC TRUST,N/A,N/A
2138001FQAT6MQHWEE73,DR FRIEDRICH STOCK MEMORIAL TRUST,N/A,N/A
2138001FQ68PICELDH92,ALIGNEA LIMITED,N/A,N/A
2138001FPYEUVANK7J50,MONAGHAN MUSIC & PIANO CENTRE LIMITED,N/A,N/A
2138001FPVJHNH3EB978,MARKS AND SPENCER SAVINGS AND INVESTMENTS LIMITED,N/A,N/A
2138001FQ4HG1LC9GB33,VT PROTEAN CAPITAL ELDER FUND,N/A,N/A
2138001FPB5QLLXEHV73,JELLICOE HOLDINGS LTD,N/A,N/A
2138001FPH4GSK7Y7O37,מגדל סל - מניות ישראל,N/A,N/A
2138001FPNRCCE6JY132,STADEMOS HOTELS PLC,N/A,N/A
2138001FPRZZK8OCM633,CVC CAPITAL PARTNERS STRATEGIC OPPORTUNITIES B L.P.,N/A,N/A
2138001FQDIXOFRCKZ76,BRITISH AGENCIES INVESTMENTS PTE. LTD.,N/A,N/A
2138001FRMUY8CI9FI59,DOROTHY FIELDING WILL TRUST,N/A,N/A
2138001FRBP53WXF5913,PORTASIENA S.R.L.,N/A,N/A
2138001FR4OG6PZXKR74,THE KENNETH GORNALL DISCRETIONARY SETTLEMENT 2014,N/A,N/A
2138001FRH1ZHPS76J79,MEERBROOK FINANCE HOLDINGS NUMBER TWO LIMITED,N/A,N/A
2138001FSE21J7IR7825,SIGMA SQUARED RISK ADVISORS LIMITED,N/A,N/A
2138001FT6OQ9OG5WR43,PREMIER MITON UK GROWTH FUND,N/A,N/A
2138001FSVQCOWR6F686,R H TURNER SETTLEMENT,N/A,N/A
2138001FTXC7WXTGXA64,MRS E M CHAMBERLAIN DECEASED46,N/A,N/A
2138001FSYE126MZ9Q95,SEMPERA LIMITED,N/A,N/A
2138001FSXIXF2WPF167,THE MERRILOCKS TRUST 1997,N/A,N/A
2138001FT5WMC82CK337,THAMES REACH LIMITED EXECUTIVE PENSION FUND,N/A,N/A
2138001FT7VUWK5DC773,IMO DIRECT EXPOSURE MASTER FUND,N/A,N/A
2138001FSGRER6CM2B55,GEORGE TAYLOR & CO. LIFTING GEAR (EUROPE) LIMITED,N/A,N/A
2138001FU12BTK3YRT84,WILL PATRICK HUGH MACKINTOSH GRANT,N/A,N/A
2138001FU1OBFYATGS06,CHARLEMAGNE 2005 EMPLOYEE BENEFIT TRUST,N/A,N/A
2138001FTXCNT3EHBI12,KAIROS ALTERNATIVE INVESTMENT S.A. SICAV,N/A,N/A
2138001FUFEXGTGQRN54,STEADFAITH LIMITED,N/A,N/A
2138001FSEJJ49TJAC16,PHAROS EL FAYUM,549300DDKLXYLLO4N524,PHAROS ENERGY PLC
2138001FUFKA2GFUXK62,MNV CAPITAL LLP,N/A,N/A
2138001FVPYZ81ADAL03,TETÉTLENI SERTÉSTENYÉSZTŐ ÉS HIZLALÓ KERESKEDELMI KORLÁTOLT FELELŐSSÉGŰ TÁRSASÁG,N/A,N/A
2138001FVQGCZIKFEN58,THE BETTY BRAY TRUST,N/A,N/A
2138001FUZ8X8A5NJJ53,MRS P M SHIRLEY-BEAVAN SETTLEMENT,N/A,N/A
2138001FVYP58TITU537,MARTIN DISCRETIONARY WILL TRUST,N/A,N/A
2138001FW2525JRNJZ77,T W DANIEL DECEASED DISCRETIONARY TRUST,N/A,N/A
2138001FVQV66AZ3GJ51,MALMAINS & COMPANY LIMITED,N/A,N/A
2138001FUJP11ANZ3O72,OLYMPUS DISTRIBUTION LIMITED,N/A,N/A
2138001FV923TEMPFL88,GENTIAN CAPITAL LIMITED,N/A,N/A
2138001FUTHVIBH9U443,Target Global Mobility 2.0 Fund LP,N/A,N/A
2138001FWTMOD4YGTN43,MARYLEBONE SP,N/A,N/A
2138001FW6QTKP83RD24,TRANSEUROPEAN V (ESSENER BOGEN) LIMITED,N/A,N/A
2138001FWOPQVRVXNA16,LAKI ASSETS S DE R.L.,N/A,N/A
2138001FWIMG3HZYGC24,MERIDIAN HOSPITAL COMPANY PLC,N/A,N/A
2138001FWUR527MITR98,TESSA GORE 1995 SETTLEMENT,N/A,N/A
2138001FV3GTM7HFAA71,EMERGING MARKETS INTRINSIC LTD.,N/A,N/A
2138001FX5XAWCUK6X92,"STARTLINE ΑΝΩΝΥΜΗ ΕΤΑΙΡΕΙΑ-ΕΜΠΟΡΙΑ ΕΙΔΩΝ ΕΝΔΥΣΗΣ, ΥΠΟΔΗΣΗΣ, ΑΘΛΗΤΙΚΩΝ, ΑΞΕΣΟΥΑΡ ΑΥΤΩΝ ΚΑΙ ΣΥΝΑΦΩΝ ΕΙΔΩΝ",N/A,N/A
2138001FXOGPQTEKQ458,RAVENSCROFT INVESTMENT FUND OFFSHORE,N/A,N/A
2138001FXDCYQYR1W582,THE TRINITARIAN BIBLE SOCIETY,N/A,N/A
2138001FXCCHNG4VJS19,MCARTHUR FAMILY PENSION FUND,N/A,N/A
2138001FXE58AS3NHD15,MRS B M J DEANE WILL TRUST,N/A,N/A
2138001FXPL8GSWUG492,THE KOG FUND TRUST,N/A,N/A
2138001FXMI1XYDQOW46,SUTTON-MATTOCKS NO 1 PROTECTIVE SETTLEMENT,N/A,N/A
2138001FWZH9G8DD1X46,THE COLIN RICHARD SHAW SIPP,N/A,N/A
2138001FXIVTGCYJS447,SQUARESTONE GROWTH LLP,N/A,N/A
2138001FXPZ1ETVRMB25,THE GRACE GRAY SETTLEMENT FOR ELIZABETH,N/A,N/A
2138001FXV6V93BT5690,DIANE EQUITY OPPORTUNITIES FUND,N/A,N/A
2138001FXRWXT47L8V47,THE PALLANT CHARITABLE TRUST,N/A,N/A
2138001FXZDKCBC3RF94,EQUITI IQ LIMITED,N/A,N/A
2138001FY53AN5CIQZ07,BELFOUR PROPERTIES LIMITED SSAS,N/A,N/A
2138001FY69D4FHAJT14,PUBLICIS MEDIA FRANCE,2138004KW8BV57III342,PUBLICIS GROUPE SA
2138001FY7I1C5EDNC02,ALSTER HI LIMITED,N/A,N/A
2138001FYCGT3Y7HDK49,WIND WATER SUN ENERGY ΙΔΙΩΤΙΚΗ ΚΕΦΑΛΑΙΟΥΧΙΚΗ ΕΤΑΙΡΕΙΑ,N/A,N/A
2138001FYXRQTFSV5V93,DAPHNE H SMITH CHARITABLE TRUST,N/A,N/A
2138001FZ9G223TZ1L41,J J HARRISON SETTLEMENT FOR MRS A C LEAN,N/A,N/A
2138001FYIDIJE1UG252,ANGELA TYSER'S 2014 GRANDCHILDREN'S TRUST,N/A,N/A
2138001FY8O3F35CZJ49,MRS MCKELLAR'S WILL TRUST,N/A,N/A
2138001FZKXNR9LC6M13,THE J F TAYLOR ESTATE TRUST,N/A,N/A
2138001FYI5QSTL7B374,BUTTINGHILL INVESTMENTS LIMITED,N/A,N/A
2138001FYKHGN3S8LD81,RBS GLOBAL STRUCTURED INVESTMENTS - INVESTMENT FUND 18 TRANSATLANTIC ACCUMULATOR,N/A,N/A
2138001FYURGMGQJ3T62,CENTAMIN PLC EMPLOYEE BENEFIT TRUST,N/A,N/A
2138001FZOVIO62MZA28,THE CALDECOTT TRUST,N/A,N/A
2138001G11YL8OXUQH16,AKTIEBOLAGET STADEX,N/A,N/A
2138001FZRL8NG4ZK619,AVAIL ENERGY LIMITED,N/A,N/A
2138001G1MAAM4Y8QS32,THE PORTMAN ESTATE (PRIMARY) LIMITED,N/A,N/A
2138001G16B5ZBAQGQ98,QUADRATURE CAPITAL VECTOR FUND LIMITED,N/A,N/A
2138001G2FED6PIV6O56,JAMES SHANKS & VALERIE ANNE BRODIE TRUST 2019,N/A,N/A
2138001G2HFFZ4VU3A16,BLUEPOOL PANAMAX LTD,N/A,N/A
2138001G3OKN2CLN3557,EJENDOMSSELSKABET AF 15/1 1992 A/S,N/A,N/A
2138001G1QRB65VVPY88,"NEWPORT, WORMIT & FORGAN NURSING ASSOCIATION",N/A,N/A
2138001G2VJFMYR9TJ16,WAY FLEXIBLE GLOBAL GROWTH PORTFOLIO FUND,N/A,N/A
2138001G29IZE4I2HR30,KELSEY INVESTING LIMITED,N/A,N/A
2138001G3LGLRKSM1326,MRS ISABELLA ARCHIBALD'S TRUST,N/A,N/A
2138001G2SJ9YU8RNR63,S DAY SETTLEMENT,N/A,N/A
2138001G2X6JQSGIVU55,LOGISTICS 101 LIMITED,N/A,N/A
2138001G2W6IM4EH4F96,BREAN FARM TRUST,N/A,N/A
2138001G48WUIIVAVC59,THE J A SHOULER & SON LIMITED DIRECTORS RETIREMENT BENEFITS SCHEME,N/A,N/A
2138001G47VVWRR6AA80,MACKINLAY ASSOCIATES LTD,N/A,N/A
2138001G3UX11TCS6L73,CORE POLAND RESIDENTIAL V A/S,N/A,N/A
2138001G46S63I418696,SIMOCO EMEA LTD,N/A,N/A
2138001G3QGWEVR4BF35,SCOTT DUNN LIMITED,N/A,N/A
2138001G5BCSEGFM8C09,AMHERST CAPITAL LTD.,N/A,N/A
2138001G4CWJ9DI81Y22,J M SPARY SETTLEMENT 2002,N/A,N/A
2138001G5D18KDNAY397,THE DIANA AND PETER LAITE DISCRETIONARY TRUST,N/A,N/A
2138001G4CJMGN9ZM767,Χ. ΞΕΝΟΣ ΑΝΩΝΥΜΟΣ ΤΟΥΡΙΣΤΙΚΗ ΚΑΙ ΕΜΠΟΡΙΚΗ ΕΤΑΙΡΕΙΑ,N/A,N/A
2138001G4B6D7XXM5631,THE HONEY D RATS,N/A,N/A
2138001G5RFA6WAQ5626,POLICE FEDERATION FOR NORTHERN IRELAND,N/A,N/A
2138001G5EJEX7K4AB27,DER TOURISTIK UK LIMITED,N/A,N/A
2138001G4DU6FRCLL550,M P ARNOLD WILL TRUST,N/A,N/A
2138001G5GGI3WMKOV58,PORTSMOUTH SURGICAL HOLDINGS LIMITED,N/A,N/A
2138001G526W1KXZU288,ΑΙΑΝΤΑΣ ΕΠΕΝΔΥΤΙΚΗ ΔΗΜΟΣΙΑ ΛΙΜΙΤΕΔ,N/A,N/A
2138001G6O9F3379GZ91,MRS F M TAYLOR DISCRETIONARY WILL TRUST,N/A,N/A
2138001G6P2RKR8ARP74,THE RV TRUST,N/A,N/A
2138001G68SCDEPNZF17,PRIME PLACE (MILLBROOK) LLP,N/A,N/A
2138001G5W44HZA2IS57,THE AAV SHARP DISCRETIONARY SETTLEMENT,N/A,N/A
2138001G6UKXNM42Z205,WM & NANCY BROWN GRANDCHILDRENS TRUST,N/A,N/A
2138001G6WO8BHI3T555,WRIGHTS PLASTICS LIMITED,N/A,N/A
2138001G7QQBU7HI2533,LDI ACTIVE 77 FUND,N/A,N/A
2138001G84S9TH2YMM56,BESTFIELD INVESTMENTS,N/A,N/A
2138001G7SFIKVFN3H05,ACT OVERSEAS LIMITED,N/A,N/A
2138001G78VZKQRN6496,JDB PENSION SCHEME,N/A,N/A
2138001G7SURHMJV2I50,VASILIS KOUKOUNIDES LIMITED,N/A,N/A
2138001G82H5FC1BBK27,NATHANIEL WELLS ACCUMULATION AND MAINTENANCE SETTLEMENT,N/A,N/A
2138001G8ADFI14ZVF15,PERKINS INFRASTRUCTURE & ENERGY FINANCE LTD,N/A,N/A
2138001G6ZI55POB9597,NORTHERN LIGHTS INVESTMENTS LIMITED,N/A,N/A
2138001G8APJUIUJV616,ΠΟΤ ΚΑΙ ΠΑΝ ΦΟΥΝΤΣΕΡΒΙΣ ΑΝΩΝΥΜΗ ΕΤΑΙΡΙΑ ΠΑΡΑΓΩΓΗΣ ΚΑΙ ΕΜΠΟΡΙΑΣ ΓΕΥΜΑΤΩΝ,N/A,N/A
2138001G8LMAJ91EX904,R A ALEC-SMITH DECEASED,N/A,N/A
2138001G8CTTJVDDMV39,JOHN MOUNTAIN MEMORIAL FUND,N/A,N/A
2138001G8L8P5C2HE990,THE CLIVE PENWARDEN SURPLUS INCOME TRUST NO.6,N/A,N/A
2138001G8FUBS3YXAL75,AQA CAPITAL LTD.,N/A,N/A
2138001G73LMDVOGKU70,TRIPLE POINT INVESTMENT MANAGEMENT LLP,N/A,N/A
2138001G8W152F86NQ89,"ΕΡΚ ΑΝΩΝΥΜΗ ΕΤΑΙΡΕΙΑ ΠΑΡΟΧΗΣ ΣΥΜΒΟΥΛΕΥΤΙΚΩΝ ΥΠΗΡΕΣΙΩΝ, ΜΕΛΕΤΩΝ ΚΑΙ ΕΡΕΥΝΩΝ ΚΑΙ ΣΥΝΑΦΩΝ ΥΠΗΡΕΣΙΩΝ ΣΕ ΘΕΜΑΤΑ ΕΝΕΡΓΕΙΑΣ",N/A,N/A
2138001GBR7M9XEZUO50,THE DEVRO EMPLOYEES' SHARE OWNERSHIP PLAN,N/A,N/A
2138001G9WLTNEHDPZ19,LIFESTYLE (GLAMORGAN) LIMITED,N/A,N/A
2138001GBION41P49M96,MIRABELLA FINANCIAL SERVICES LLP,N/A,N/A
2138001GAJOCPVQMBX05,RECIFE CELPOS FIC DE FIA,N/A,N/A
2138001GAILYC2O4OV23,TIM HUTCHINSON LIMITED,N/A,N/A
2138001GC6NEORXM1491,CHILTERN CHARITABLE TRUST,N/A,N/A
2138001GA7EHABMHQP32,ACCSUM LIMITED,N/A,N/A
2138001G9YYL31KAM389,THE CHRISTOPHER LOGAN FAMILY TRUST,N/A,N/A
2138001G8O4LDLX7SM67,THE CHEDVA CHARITABLE TRUST,N/A,N/A
2138001GCZ9WK9DKWS43,IM GRANT TRUST,N/A,N/A
2138001GCB2CNHOSHO87,FALKLAND WAR MEMORIAL TRUST,N/A,N/A
2138001GCTM3B9LJ8951,THE ALEXANDER AMOS CHARITABLE TRUST,N/A,N/A
2138001GC7UTLNH8M320,THE PKB TRUST,N/A,N/A
2138001GCYGNUCWF2713,ROCKROSE (UKCS1) LIMITED,213800W3DXD7SNOYGG30,ROCKROSE ENERGY LIMITED
2138001GD7Q5S2FE2H79,DR HARRY MORGAN'S A&M TRUST,N/A,N/A
2138001GD7X95J9WCK87,LITTLEBAN RDC LIMITED,N/A,N/A
2138001GDDBGS16JNX33,Nordic Solar A/S,N/A,N/A
2138001GDXNXK4Y2XP63,THE COLT FOUNDATION,N/A,N/A
2138001GDVW71XFCJ308,THE MULLER MARTINI LIMITED RETIREMENT BENEFITS SCHEME,N/A,N/A
2138001GD1S7B4S5AQ52,SHERINGHAM CAPITAL LIMITED,N/A,N/A
2138001GDCUHS9LP5H09,MARJORIE MAY MASON WILL TRUST,N/A,N/A
2138001GDYF1AYKW9D72,DIRECT LENDING FUND V (SENIOR INVESTMENTS) LUXEMBOURG S.À R.L.,N/A,N/A
2138001GDVBQ2WN4FU83,O.B. HAWK INVESTMENTS LIMITED,N/A,N/A
2138001GDVX2EETPQ981,LPZ PENSION,N/A,N/A
2138001GEJGXAAIRHP97,FERREIRA GROUP INTERNATIONAL LIMITED,N/A,N/A
2138001GES3WOB3GCR68,COTON FINANCIAL MANAGEMENT LIMITED,N/A,N/A
2138001GEHPGPPBIY647,THE B C ROBERTSON WILL TRUST,N/A,N/A
2138001GEMVTYNYZF217,THE CARMELITE CHARITABLE TRUST,N/A,N/A
2138001GEI5PUERNSW30,LA SOCIETE DES ROSES BLANCHES LIMITED,N/A,N/A
2138001GG1XP3WTFAJ89,AVIARY (U.K.) LIMITED,N/A,N/A
2138001GEYXMNQJ5QT36,SIMON MARTIN GROUP RETIREMENT BENEFITS SCHEME,N/A,N/A
2138001GG3BT377FM296,D T M ROSS' TRUST FOR CHILDREN,N/A,N/A
2138001GFEPLA3JMZA20,VALLI FORECOURTS LIMITED,N/A,N/A
2138001GF9GIWNRIUG82,THE WILLIAM VICTOR CORNISH WILL TRUST,N/A,N/A
2138001GGCPKE67TJX57,KYKLADES MARITIME CORPORATION,N/A,N/A
2138001GGGE1TS5PR749,INVESTEC PREMIER FUNDS PCC LIMITED - EMERGING MARKETS LOCAL CURRENCY DEBT FUND,N/A,N/A
2138001GG99RCWDLA642,ELIZABETH GRAYSON HARTLEY DISCRETIONARY WILL TRUST,N/A,N/A
2138001GH1YKCWPZ8285,THE JOHN & MARY ELLIOT MEMORIAL TRUST,N/A,N/A
2138001GH5CHUNOP4H51,G MATHIESON SETTLEMENT 7/2/72,N/A,N/A
2138001GH2QLRY4AFW27,COOLING TOWER PROJECTS LTD,N/A,N/A
2138001GHEF4NF9B4V31,CONTEGO ARCHIMEDES FUND LLC,N/A,N/A
2138001GHB5CZHJU3682,J MARSHALL DICKIE'S TRUST,N/A,N/A
2138001GG37ZQL97J984,"INMOBILIARIA BANCI, S.A. DE C.V.",549300ALY1LDVQGKWL18,HSBC MÉXICO SA INSTITUCIÓN DE BANCA MÚLTIPLE GRUPO FINANCIERO HSBC
2138001GGQZWJYZ89E43,ROYAL LONDON ASSET MANAGEMENT FUNDS PUBLIC LIMITED COMPANY,G8FFYFZ5TIO54GXBFZ14,"ROYAL LONDON MUTUAL INSURANCE SOCIETY,LIMITED(THE)"
2138001GI5WA2HGT2195,DEKO LIMITED,N/A,N/A
2138001GIC6JOMV9P358,STABO INVESTMENTS LIMITED,N/A,N/A
2138001GIDYU9B35Z670,THE MR N S LIDHAR CHILDRENS DISCRETIONARY TRUST 2010,N/A,N/A
2138001GIGEFL84LZJ22,CAPLAND ASSETS INC.,N/A,N/A
2138001GHZJOH5Z2QH78,PALLADIUM INSURANCE LIMITED,N/A,N/A
2138001GHFIQXTNV4T58,IFSL SIGNIA OEIC,N/A,N/A
2138001GI9ZW4E4RFM12,G E J ROBERTSON WILL TRUST A ACCOUNT,N/A,N/A
2138001GI2B8UZEJAS09,TULDE HOLDING APS,N/A,N/A
2138001GI28HOXE17H02,CAROLINE CHARLOTTE WILLIAMS 1997 DISCRENTIONARY SETTLEMENT,N/A,N/A
2138001GJ29HSARCYH46,SAHARA TRUST,N/A,N/A
2138001GJ2KYNQRW6Z24,PENELOPE FAIRCLOUGH 2004 PLI SETTLEMENT,N/A,N/A
2138001GJ5WZBC2P8N61,I.B.C. INTERNATIONAL BROKERAGE COMPANY LTD,N/A,N/A
2138001GJ7GL9OYCLN76,EPIPHANY TRUST ( TRURO ) LIMITED,N/A,N/A
2138001GJJZP9FUXA995,WILLIAM SERFATY & CO LIMITED,N/A,N/A
2138001GHUUV61ZQEV10,BARCLAYS WEALTH MANAGEMENT JERSEY LIMITED,G5GSEF7VJP5I7OUK5573,BARCLAYS BANK PLC
2138001GKOX4CX977U50,EMERALD SHORES LIMITED,N/A,N/A
2138001GK17ILLC5ZY53,MCALEER FAMILY PENSION FUND,N/A,N/A
2138001GLDYSHXXSBW75,TRIANGLE AVIATION IRELAND LIMITED,N/A,N/A
2138001GJLVNBVEZNO72,BRIDGEND COUNTY BOROUGH COUNCIL,N/A,N/A
2138001GL5G7WKULZ472,THE CHRISTOPHER DAVID MURPHY FAMILY TRUST,N/A,N/A
2138001GKFT15DB21F42,CONVALIS LTD,N/A,N/A
2138001GLZL781ZSSO96,WINGFIELD FOUR FARMS TRUST,N/A,N/A
2138001GLU1FGGE7YJ45,MRS J I SWEETNAM WILL TRUST,N/A,N/A
2138001GM2MZ6I2D1W29,BIG TECHNOLOGIES PLC,N/A,N/A
2138001GM2K42QZPHX19,CHELTINE LIMITED,N/A,N/A
2138001GJMELWSA67K63,AB US EQUITY GROWTH,N/A,N/A
2138001GK4ORDIBCQ173,MR N D R SKOTTOWE USUFRUCT A/C FOR MRS A SKOTTOWE,N/A,N/A
2138001GM48K1T3RQM33,ΔΕΛΤΑ ΤΕΧΝΙΚΗ ΑΝΩΝΥΜΗ ΚΑΤΑΣΚΕΥΑΣΤΙΚΗ ΒΙΟΜΗΧΑΝΙΚΗ ΕΜΠΟΡΙΚΗ ΤΟΥΡΙΣΤΙΚΗ ΕΤΑΙΡΕΙΑ,N/A,N/A
2138001GLCAS9133YY59,MOTOFIRST LIMITED,529900XYOP8CUZU7R671,FIRSTRAND
2138001GKM54HSYO4Q41,BOV ASSET MANAGEMENT LIMITED,529900RWC8ZYB066JF16,BANK OF VALLETTA P.L.C.
2138001GMSRQGKNOD216,BENEFOOT PENSION SCHEME,N/A,N/A
2138001GMQS4NN6H5V77,WILL OF PAMELA LOCKWOOD,N/A,N/A
2138001GN6ACAMUQQK65,NEWCROFT 58,N/A,N/A
2138001GNVDIRPGXVD06,"NATIONAL ASSOCIATION OF COLLIERY OVERMEN, DEPUTIES AND SHOTFIRERS",N/A,N/A
2138001GNHUKOICXGG65,"PGIM SENIOR LOAN OPPORTUNITIES II JPY FEEDER FUND, L.P.",N/A,N/A
2138001GN5YAUZC8PL96,VALTRIS CHAMPLOR SAS,N/A,N/A
2138001GMPXA35GTVA13,BBDO CANADA CORP.,N/A,N/A
2138001GNTML1L1CU524,MAYFAIR MARITIME HOLDINGS CO. LTD,N/A,N/A
2138001GMRSN2T9BR591,MULTI -ASSET TEODORICO,N/A,N/A
2138001GP4A5S513X570,K2 PROGRAMMING SERVICES LIMITED,N/A,N/A
2138001GONSCPZH29353,HASLEMERE TRADING LIMITED,N/A,N/A
2138001GOIJO88MX7Z22,CARDINAL SHOPFITTING + SYSTEMS LIMITED,N/A,N/A
2138001GON1ONTF53H14,B WILKINSON DISCRETIONARY WILL TRUST,N/A,N/A
2138001GOIOHPIQ3GU49,LLOYDS BANK PENSION TRUST (NO. 2) LIMITED,H7FNTJ4851HG0EXQ1Z70,LLOYDS BANK PLC
2138001GO6ITRBRICW53,HORIZON CAPITAL LIMITED,OQ3T05P7YR8P5YJEVI93,BANK OF SCOTLAND PLC
2138001GPCXZDJIFBU81,TIOMAN INVESTMENTS LIMITED,N/A,N/A
2138001GPAXRV5M72U86,THE ALAN CAMPBELL 2017 DISCRETIONARY TRUST,N/A,N/A
2138001GPUI4MV1UCP14,ELENBERG TRADING LIMITED,N/A,N/A
2138001GQC3NKSV1DD28,MRS M A J WYNNE-WILLIAMS' FAMILY TRUST,N/A,N/A
2138001GPIZO1GBDMJ32,LOCKHART ASSET MANAGEMENT ALTERNATIVES AND REAL ASSETS FUND,N/A,N/A
2138001GQ94UIPUU2F46,SOUTHGATE - DAN AT SPYGLASS HILL - BIDCO LIMITED,N/A,N/A
2138001GPRWOTABJUR08,JUNIPER TREE LEGACY TRUST SSAS,N/A,N/A
2138001GPKV9FN9OI234,EVALANCH LTD.,N/A,N/A
2138001GP8A872WQMI95,GOLDEN HARVEST ASIA LIMITED,N/A,N/A
2138001GQ9GZ2D8A4907,THE BALLYDUFFY RETIREMENT ANNUITY TRUST SCHEME,N/A,N/A
2138001GRH7KKEYHSJ25,R D UPTON WILL TRUST,N/A,N/A
2138001GRC98P5N1Z486,G W HARVEY TRUST,N/A,N/A
2138001GQJZKQH99JD29,Nviro A/S,N/A,N/A
2138001GR39VM3IM2D44,BRIDGEPOINT EUROPE IV 'E' L.P.,N/A,N/A
2138001GR15DN7NZYG70,WILLIAM M P SIME'S TRUST,N/A,N/A
2138001GS2G7HTQ3I191,GREGSON INVESTMENT MANAGEMENT LTD,N/A,N/A
2138001GSKBVBDD7XL13,MISS MARY PATRICIA GREEN DECEASED,N/A,N/A
2138001GSIV56FEEEM62,TRINCH LIMITED,N/A,N/A
2138001GSCZ3T8I9WA73,PLYMOUTH CHARITY TRUST,N/A,N/A
2138001GSLN2282V5O18,THE INGRAM-WALKER DGT 2013,N/A,N/A
2138001GSM345W8B2V51,HESTIA SPV S.À R.L.,N/A,N/A
2138001GT6617CFHYB09,CEA INVESTMENTS LIMITED,N/A,N/A
2138001GRXCZS6677488,KPG WILL TRUST,N/A,N/A
2138001GT9WYL76O8U98,BELADOR GLOBAL EQUITY FUND PLC - BELADOR GLOBAL EQUITY SUB-FUND 1,N/A,N/A
2138001GTEEA4OB1QY43,I/S STENDERUPGÅRD V/PETER JENSEN OG HENRIK ANTONI JENSEN,N/A,N/A
2138001GTYERRA34Q680,THE CHRISTINE MAHONEY TRUST,N/A,N/A
2138001GRMZ39JRSE316,DOMINO PRINTING SCIENCES PUBLIC LIMITED COMPANY,549300O5FACQ67KI6R92,ブラザー工業株式会社
2138001GTQZ47C7H7V83,UNIPRES (UK) LIMITED,N/A,N/A
2138001GRPXTU6EHVF08,ESURE PROPERTY LIMITED,213800KOI3F5LM54PT80,ESURE GROUP PLC
2138001GTJHMXT28NS70,AVNET TS SERVICES LIMITED,N/A,N/A
2138001GUTV71J1KP724,ABBEY CARE & NURSING FAMILY PENSION TRUST,N/A,N/A
2138001GUIMMOWNXZK35,MONACO COURT PTY. LTD.,N/A,N/A
2138001GU7IG59W59Y71,THE JEAN COTTON 1964 SETTLEMENT,N/A,N/A
2138001GVIJWTDVMNJ59,THE PUBLISHING TRAINING CENTRE FOUNDATION,N/A,N/A
2138001GU5S2MHVPB393,R.H. CAMBIDGE (STORAGE) LIMITED,N/A,N/A
2138001GVO5BUXD87646,ARGUS MEDIA LIMITED,N/A,N/A
2138001GV2LOHZ1CFB05,THE BORGES 2018 DISCRETIONARY TRUST,N/A,N/A
2138001GVP3RQ6MNPK69,KEN OZANNE LIMITED,N/A,N/A
2138001GU57SHJS8ED64,ARLWAY SETTLEMENT,N/A,N/A
2138001GW7JY9AAF5S60,THE BRIAN CHAPPELL WILL TRUST,N/A,N/A
2138001GWK5PA4Q12S74,THE ZACHARY MERTON AND GEORGE WOOFINDIN CONVALESCENT TRUST,N/A,N/A
2138001GWGWMA3U1JI16,E W PERROTT DEC'D WILL TRUST,N/A,N/A
2138001GW65R6399MB57,G S BROWN CONSTRUCTION PENSION SCHEME,N/A,N/A
2138001GVZY4EBQYS351,J C ALTON DECEASED DISCRETIONARY SETTLEMENT,N/A,N/A
2138001GUCIPEDLMDU97,KONE HISSIT OY,2138001CNF45JP5XZK38,KONE OYJ
2138001GWOTBB3USFS38,HL GROWTH FUND,N/A,N/A
2138001GY67X2XKIVE35,WILL OF HOWARD FRANK RILEY,N/A,N/A
2138001GY2DXH485MC51,The Trustee for Fairfax Family Unit Trust 3,N/A,N/A
2138001GXBQ5GFLXGE38,J L ARTHUR WILL TRUST,N/A,N/A
2138001GY7KHETQHYA50,THE DEBORAH HAZAN ACCUMULATION AND MAINTENANCE SETTLEMENT,N/A,N/A
2138001GXUNPR3PHUK73,SPRINGCROWN LIMITED,N/A,N/A
2138001GXJMB1W6SBN84,GDGH LTD,N/A,N/A
2138001GX5VL84M6RS25,REDMAYNE (NOMINEES) LIMITED,N/A,N/A
2138001GYLTF4TCWFE31,THE JEANINE WILMET SETTLEMENT 1997,N/A,N/A
2138001GZ8F3R7QPLV58,GLC HOLDINGS LIMITED,N/A,N/A
2138001GYHCKQBW5QK75,JUDITH BRENNAN ABSOLUTE TRUST,N/A,N/A
2138001GYK62SDP6CH49,SHELL GROUP HOLDING LIMITED,N/A,N/A
2138001GZAEAAD5NWU10,NAIRDA S.A.,N/A,N/A
2138001GWUYX35HAJV27,HSBC GLOBAL SERVICES (CHINA) HOLDINGS LIMITED,MLU0ZO3ML4LN2LL2TL39,HSBC HOLDINGS PLC
2138001GY2PORJLN8E46,RUSSELL NAPIER TRUST,N/A,N/A
2138001H1M69RFJCSH88,NATIONAL COMPANY KAZMUNAYGAS JOINT STOCK COMPANY,N/A,N/A
2138001H29GPRCKB9B11,NATWEST MACHINERY LEASING LIMITED,N/A,N/A
2138001H2ASWF4WEM538,ERSKINE TRUST,N/A,N/A
2138001H2MK2QMFJ8Q29,THE EARL FORTESCUE DEC'D W/T FOR COUNTESS FORTESCUE,N/A,N/A
2138001GZYJTPFJ9PW72,THE HENRIETTA SOUTHARD LIFE INTEREST TRUST,N/A,N/A
2138001H1GLIW1AKPS78,IMMERSIVE LIMITED,N/A,N/A
2138001H2O5FBTKEZV74,ADIENT SEATING UK LTD,N/A,N/A
2138001GZHL1C6EST984,THE RICHARD THOMAS FOUNDATION,N/A,N/A
2138001H1MPP46JI9758,TRUSTEES OF T W H CLARKE & SON 1954 PENSION FUND,N/A,N/A
2138001H2UBX9UW7KW52,THE DWF GROUP PLC EMPLOYEE BENEFIT TRUST,N/A,N/A
2138001H37I3EUR75T15,BURCHIL OVERSEAS LIMITED,N/A,N/A
2138001H2X1YVRDIIM68,MIROMA R4E HOLDINGS LIMITED,N/A,N/A
2138001H2UQAKBYFXV63,THE PILKINGTON MARRIAGE SETTLEMENT,N/A,N/A
2138001H3DATM11E1512,SAVING BOX III,N/A,N/A
2138001H38UOXVT27Z08,LØVDAL CONSULT APS,N/A,N/A
2138001H4IPHVFBKV721,PERSTORP FINANCE INTERNATIONAL LIMITED,N/A,N/A
2138001H3JLR49U6OX12,MARY JONES SETTLEMENT 1992,N/A,N/A
2138001H3H3QKDJ8AD34,SISTERS OF THE HOLY CROSS CIO,N/A,N/A
2138001H4YVXG5NJ5T21,MR. & MRS. R.J. PROCTOR-PEARSON'S 1983 SETTLEMENT - JE83 A/C,N/A,N/A
2138001H5B2PE48PP572,GLOBAL ASSET ALLOCATION,N/A,N/A
2138001H3HP4A5P8VF39,MANCHESTER CORPORATION LIMITED,N/A,N/A
2138001H58H3HT6CFO97,DTW PENSION,N/A,N/A
2138001H42QK87ZKH764,THE HARDING FAMILY TRUST 2018,N/A,N/A
2138001H4RT9HBESZ169,MATT WALKER LIMITED FUND,N/A,N/A
2138001H58JJPWLKPP04,SAPIEN RESOURCES PTE. LTD.,N/A,N/A
2138001H5ENZX7YDNT30,PETER WALSHE PENSION SCHEME,N/A,N/A
2138001H5I3OSYEVL449,LADY MARY'S HOME,N/A,N/A
2138001H5NLXXQM7AZ28,GILLIES FAMILY TRUST,N/A,N/A
2138001H665YWIKRMA61,HARBRIDGE HOLDINGS LIMITED,N/A,N/A
2138001H5INMUTXYTE93,ROYSTON HOLDINGS LIMITED,213800EQMS9KM3OVQR62,COURTENAY HOLDINGS LTD.
2138001H7JIUMQFYUG85,VEREN INERNATIONAL INC.,N/A,N/A
2138001H7IBVO8JSAU06,INVERCLYDE CHAMBER OF COMMERCE,N/A,N/A
2138001H6L7YFIO5NI98,M DOMSODY DECEASED WILL TRUST,N/A,N/A
2138001H7CCH1UTYBK89,ARROW FILM DISTRIBUTORS LTD. PENSION SCHEME,N/A,N/A
2138001H6UKEU3C2NR44,D A SHIRLEY WILL TRUST,N/A,N/A
2138001H6FCSZBP26351,ITAB Shop Concept AB,N/A,N/A
2138001H7ET7HO1W9M39,MRS WENDY DIXON'S 2001 DISCRETIONARY SETTLEMENT,N/A,N/A
2138001H7D363JX8WL48,WILLIAM F.MOORE (WARPLANDS) LIMITED,N/A,N/A
2138001H84AKNNIJEK90,FINSERVE ADVISORS LIMITED,N/A,N/A
2138001H9E453FQRFY56,KAZ MINERALS LIMITED,N/A,N/A
2138001H8VRW8TSEFX53,FNB INTERNATIONAL TRUSTEES LIMITED,N/A,N/A
2138001H9AKX9U1IFG11,R S GOSLING 1970 SETTLEMENT,N/A,N/A
2138001H9EK842QGGB88,UNITY INVESTAS IKE,N/A,N/A
2138001H88U9BLGGM893,A E R SHAW RESIDUARY FUND SETTLEMENT,N/A,N/A
2138001H6Y882AWORX59,MOTHER TONGUE PTE. LTD.,HKUPACFHSSASQK8HLS17,OMNICOM GROUP INC.
2138001HABA1FAB3WC13,AGGREGATED MICRO POWER HOLDINGS LIMITED,N/A,N/A
2138001H9GA7OI96AP65,J V ELLINGTON'S SETTLEMENT,N/A,N/A
2138001HADFL1KWTAC44,D H M JONES NIL RATE BAND DISCRETIONARY TRUST,N/A,N/A
2138001HBV59PMLQYW94,THE NICOLA SALVESEN FAMILY TRUST,N/A,N/A
2138001HB3EJTKZSE785,THE G E SAUNDERS WILL TRUST,N/A,N/A
2138001HBG78X36HAC59,MRS. E. A. FLETCHER'S SETTLEMENT ON PHILIPPA,N/A,N/A
2138001HBYADJCD15810,MCI GLOBAL INVESTMENTS LIMITED,N/A,N/A
2138001HARXFRKVNI646,THE RA & MG FIELD SETTLEMENT,N/A,N/A
2138001HBZZ8JT746G63,HILL VALLEY SQUARE LLP,N/A,N/A
2138001HCP4KSIDZFH77,MRS M H HUNTER-STEEN'S SETTLEMENT,N/A,N/A
2138001HCQT8DPHM3K25,CAROL SANSOM 2024 TRUST,N/A,N/A
2138001HCRN162F5ZE45,THE FANNY STUART KERR WILL TRUST,N/A,N/A
2138001HBOSZA8OGY314,YARA S.A.,213800WKOUWXWFJ5Z514,YARA INTERNATIONAL ASA
2138001HB4SIM8O5JH55,DIRECT LB LIMITED,H7FNTJ4851HG0EXQ1Z70,LLOYDS BANK PLC
2138001HCK1CTMUO8A86,ATKINS AND POTTS PENSION SCHEME,N/A,N/A
2138001HCUWXTDIY2394,ADIENT STRAKONICE S.R.O.,N/A,N/A
2138001HDAOHRZX4OA09,SILVERCAST LIMITED,N/A,N/A
2138001HD1BEY11AFG41,WILD TAMARIND LIMITED,N/A,N/A
2138001HCV9AWUT2UU32,BRITISH TEXTILE MACHINERY ASSOCIATION,N/A,N/A
2138001HDO4KG4HURW90,MR WILLIAM A CONNOR'S TEST AMENTARY TRUST,N/A,N/A
2138001HDGEO1ICVJA13,EPIC (RUSSELL SQUARE) LIMITED PARTNERSHIP,N/A,N/A
2138001HDH732MHTF140,BAMBURGH: ST AIDAN,N/A,N/A
2138001HCUKUH98NFX21,THE SHIRLEY GRACE COLLINSON SETTLEMENT 1997,N/A,N/A
2138001HDOOWPNRN3654,VITALOGRAPH LIMITED,N/A,N/A
2138001HDTYQNY7YBV38,R S BRUTON WILL TRUST,N/A,N/A
2138001HEKK3L7VETE47,THE PILGRIM EDUCATIONAL TRUST,N/A,N/A
2138001HEJJ28X51HY68,LONGRUN INTERNATIONAL LIMITED,N/A,N/A
2138001HE3DYQRK2YA22,SFYS LTD,N/A,N/A
2138001HEP8AW9QF1F62,THE YUSEF FOUNDATION,N/A,N/A
2138001HD79UKT3KTY02,KEY-SYSTEMS LLC,213800648SSIWISJIH52,"BRANDSHELTER, INC."
2138001HG4I7FRWSJM27,LADY K M ONSLOW DISCRETIONARY TRUST,N/A,N/A
2138001HGLNG947K3G39,THE WELLER PENSION FUND,N/A,N/A
2138001HFG99JGC81T27,JLY HOLDINGS LIMITED,N/A,N/A
2138001HG1AD2M9R1504,STERIA INDIA SHARE INCENTIVE PLAN,N/A,N/A
2138001HH99K3GSBVV80,DONALD SNOWDEN GREEN TRUST,N/A,N/A
2138001HH35S2PZU1A39,THE BRITISH INSTITUTE OF INTERNATIONAL AND COMPARATIVE LAW,N/A,N/A
2138001HG1Z2P8GTRW79,THE BUCHANAN FAMILY SETTLEMENT,N/A,N/A
2138001HH7ADM3W4NV65,U W BRIGHOUSE 2010 SETTLEMENT - HENRY & SALLY,N/A,N/A
2138001HFJU6KGWLHP62,COMMUNITY PHARMACY SCOTLAND,N/A,N/A
2138001HGX2YAEVPB462,MBDA TREASURY COMPANY LIMITED,N/A,N/A
2138001HJ6XP5ILDL353,THE SOLID TRUST,N/A,N/A
2138001HHZHVUMKZ8968,INTERCEDE GROUP PLC,N/A,N/A
2138001HICA21VCTCJ10,GATTACA EMPLOYEE BENEFIT TRUST,N/A,N/A
2138001HHT2QYA2E8U05,LIFE INTEREST TRUST FOR THE BENEFIT OF JOE AND LUCY TELFORD,N/A,N/A
2138001HJ8ATPRII9A62,STANDARD LIFE INVESTMENTS IGNIS AMERICAN GROWTH FUND,N/A,N/A
2138001HJI5VAYVBI823,SMART LINK WORLDWIDE CORP,N/A,N/A
2138001HJZMKGEC3HM63,LUXAN LATAM LIMITED,N/A,N/A
2138001HJGJ884RSCU65,THE NAPIER FAMILY DISCOUNTED GIFT TRUST,N/A,N/A
2138001HKXKHBXVTPR21,PAUL RAYMOND 1997 ACCUMULATION & MAINTENANCE TRUST FOR INDIA ROSE JAMES,N/A,N/A
2138001HJSTVVBTQ8880,TANGLIN FOND,N/A,N/A
2138001HK8NWZIHVQO07,FURNITURE PRODUCTIONS (CONTRACTS) LIMITED,N/A,N/A
2138001HK8FO6NDPY546,LIBERTAS INTERNATIONAL TRUST,N/A,N/A
2138001HJOWUODKD4P32,ALTHELIA CLIMATE FUND,N/A,N/A
2138001HKYLIJ3HORT09,EQUINOXE PARTNERS ΑΝΩΝΥΜΗ ΕΤΑΙΡΕΙΑ ΣΥΜΜΕΤΟΧΩΝ,N/A,N/A
2138001HL5UJ6KIFJN07,THE ROYAL SOCIETY OF SAINT GEORGE - CITY OF LONDON BRANCH,N/A,N/A
2138001HMINU97ISQJ47,QUILTER INVESTORS CIRILIUM DYNAMIC BLEND PORTFOLIO,N/A,N/A
2138001HLQB6CP4MP205,MRS D G HANBURY WILL TRUST,N/A,N/A
2138001HMMINHG7SS584,ΛΕΟΝΤΕΙΟΣ ΣΧΟΛΗ ΑΘΗΝΩΝ ΑΝΩΝΥΜΗ ΕΚΠΑΙΔΕΥΤΙΚΗ ΕΤΑΙΡΙΑ,N/A,N/A
2138001HJ8EQC48X9X68,THE FENN FOUNDATION,N/A,N/A
2138001HKXI69TBG2B75,THE J MCGRATH WILL TRUST,N/A,N/A
2138001HN6MOAV2EV785,CRYSTAL ENERGY LTD,N/A,N/A
2138001HN4PBQLZXFD30,PROLOGIS UK CCCXIII S.À R.L.,N/A,N/A
2138001HNVMT5W1N5R44,UNIFOND PATRIMONIO FI,N/A,N/A
2138001HMWDMAG241E94,FOREST RESORTS Α.Ξ.Τ.Ε.,N/A,N/A
2138001HNP23CQVBP804,MALVERN PANALYTICAL LIMITED,N/A,N/A
2138001HND85DFLY1K57,SANDRA BOOTH 2022 DISCRETIONARY TRUST,N/A,N/A
2138001HNA6ELIBWC793,KESTREL PRIVATE PENSION SCHEME,N/A,N/A
2138001HNOJ653QHIR50,LINBERT LIMITED,N/A,N/A
2138001HN6HBLRAGIG36,C 57,N/A,N/A
2138001HMOYHAG4KRC63,SIR CHRISTOPHER SCOTT'S 2024 DISCRETIONARY SETTLEMENT,N/A,N/A
2138001HO6SBH7UD4O47,ADICCI LIMITED,N/A,N/A
2138001HPBUN43UWNB64,SW LIVING LTD,N/A,N/A
2138001HO7B8GMK27I83,TLGL INVEST A/S,N/A,N/A
2138001HNYRLX6J95D28,MRS H. C. PHILP'S TRUST,N/A,N/A
2138001HOTC6SQKQRL14,NBH SPF S.À R.L.,N/A,N/A
2138001HR97FNG6E9X81,OJH SLYFIELD TRUST,N/A,N/A
2138001HQ116X86CTF30,THE BARBARA PRICE CHARITABLE TRUST,N/A,N/A
2138001HPOY5I2O53P12,IMMOREFI,N/A,N/A
2138001HQCCSLU6BRK26,THE CRUISING ASSOCIATION,N/A,N/A
2138001HPJFOTJ7JQ166,GLADMAN FAMILY INVESTMENT COMPANY,N/A,N/A
2138001HR7OHESI9BS70,RMC & ASSOCIATES LTD,N/A,N/A
2138001HPRZN64TA5N86,COMPARTMENT A,N/A,N/A
2138001HPE7LPBMHRL68,TRUSTEES OF THE G M COOPER WILL TRUST,N/A,N/A
2138001HPHUMZF1FMC36,G.B. SHIELDS SETTLEMENT,N/A,N/A
2138001HPRRTKROWL850,SEABROOK CLARK LTD,N/A,N/A
2138001HRHEVSALTXO36,GEORGE RIGAL DECEASED WILL TRUST,N/A,N/A
2138001HRK3HCUY91T23,STRONGTYPE LIMITED,N/A,N/A
2138001HSFLQPC7WJN92,MRS J E GOODHEAD (DECEASED) LIFE INTEREST TRUST,N/A,N/A
2138001HSDABD7LXFC18,PETER CASTELL LIMITED RETIREMENT BENEFITS SCHEME,N/A,N/A
2138001HSX1K4SUS4160,THE JEMMA LOUISE HARDY PERSONAL INJURY SETTLEMENT 2008,N/A,N/A
2138001HT3CWJ16YMS73,MARTIN PITCHER PENSION TRUST FUND,N/A,N/A
2138001HTJZRPFGBXK12,THE MELANIE RIDLEY DISCRETIONARY TRUST,N/A,N/A
2138001HSZWVGZH4EP35,B.H.D. AGENCIES LTD,N/A,N/A
2138001HUHPS44XMJL22,COMMONWEALTH GIRLS EDUCATION FUND (CGEF),N/A,N/A
2138001HU5SWL4IWSW95,MR BASIL JAMES TITTERINGTON WILL TRUST,N/A,N/A
2138001HT3AYES6PYJ10,HyperFlex,N/A,N/A
2138001HUFCFFHS7TJ29,THE CELTIC F.C. SUPPORTERS' CLUB GREENOCK,N/A,N/A
2138001HUAZEN5ZYTI96,MISS ISABELLA LOW TRUST,N/A,N/A
2138001HUHYHLC3O2698,GELBER FAMILY TRUST,N/A,N/A
2138001HU2ZPUUJDLF56,TRILTON LIMITED,N/A,N/A
2138001HV9ZF78VMS531,PROJECT JEDI BIDCO LIMITED,N/A,N/A
2138001HUUXRRSYMOU38,THE AVOCET MINING EMPLOYEE BENEFIT TRUST,N/A,N/A
2138001HV3MSWOQBW227,JESSICA HOGG DEED OF VARIATION TRUST,N/A,N/A
2138001HV7B42TY2TM67,BPH WEALTH MANAGEMENT LLP,N/A,N/A
2138001HUPCWPIVUW391,ZINCOX RESOURCES LIMITED,N/A,N/A
2138001HW2DUHCFRX206,WAREHAM FAMILY SSAS,N/A,N/A
2138001HWRNEKYAN6L84,THE BLACKFORD TRUST,N/A,N/A
2138001HWJ4E7G4AXW50,SDS CONNECT LIMITED,N/A,N/A
2138001HVPLMGBN7H133,SCOPACO INVESTMENTS LIMITED,N/A,N/A
2138001HVQW8QI24AG84,THE P M HAYWARD VOLUNTARY SETTLEMENT,N/A,N/A
2138001HW3DERE61Q359,THOMAS ANTHONY WEALTH MANAGEMENT LIMITED,N/A,N/A
2138001HWZ3LU5NZXT66,G C GODFREY & SON,N/A,N/A
2138001HXAG27XNBWR93,SOLARIS HOLDINGS CORP.,N/A,N/A
2138001HWVSHHE4ZIK67,URBANEST UK VINE STREET LIMITED PARTNERSHIP,N/A,N/A
2138001HW8RTOQU6U488,FAS JERSEY LIMITED,N/A,N/A
2138001HXHPTALIOLT48,COMMUNITY SECURITY TRUST,N/A,N/A
2138001HXAXGEMD75O31,SIR W.P. BARTON WILL TRUST,N/A,N/A
2138001HXPWLEV6SUI79,THE PETER AND MARGOT SHAWYER ACCUMULATION AND MAINTENANCE SETTLEMENT,N/A,N/A
2138001HY4K3LCYC9G73,FINTRAN LIMITED,N/A,N/A
2138001HXZYVJM382P27,"AMORIM CORK FLOORING, S.A.",213800J5M11TDEP3LQ76,"CORTICEIRA AMORIM, SGPS, S.A."
2138001HZNOLT1K3WY73,COLT 2024-1 MORTGAGE LOAN TRUST,N/A,N/A
2138001HYHQZV3S1GB94,HENDRIX (JERSEY) LIMITED,N/A,N/A
2138001HYOBW63U2OS36,THE SYLVIA DEWHURST DISCRETIONARY TRUST,N/A,N/A
2138001HYFEKTMKS1659,SIR R H CURTIS WILL TRUST,N/A,N/A
2138001HZ71YFZCXA131,JANINA GOLD MEDICAL CONSULTING AKTIEBOLAG,N/A,N/A
2138001HZ1TG9BRTGZ21,BODIAM CAPITAL LTD.,N/A,N/A
2138001HYHGAZTGH4I41,THE ESTATE OF DAVID HENDERSON DECEASED,N/A,N/A
2138001HZ7C4JOXWRQ71,CIRCLE THIRTY THREE HOUSING TRUST LIMITED,N/A,N/A
2138001I18B8Y4WKV755,SAN MARINO FLORIDA TRUST,N/A,N/A
2138001HZO56M9QQYD70,PALLADA ASSETS INC.,N/A,N/A
2138001I1S6TWCE1RF08,3MA LIMITED,N/A,N/A
2138001HZ5ASWZ75AH86,AVK FROMENTAU LIMITED,W22LROWP2IHZNBB6K528,GOLDMAN SACHS INTERNATIONAL
2138001HYSJ92GY2E198,URSUS BREWERIES SA,353800KAJ02XNHLCJW79,アサヒグループホールディングス株式会社
2138001I1CXGD29OLB60,ASI PRIVATE EQUITY 1 (GUERNSEY) LIMITED,0TMBS544NMO7GLCE7H90,ABRDN PLC
2138001I1MHUB669YX40,WINTER LEASING 1562 DESIGNATED ACTIVITY COMPANY,N/A,N/A
2138001I33WQMOZGR706,WHITE HORSE PENSION SCHEME,N/A,N/A
2138001I3AU5I91KXP89,ROYAL LONDON GMAP DYNAMIC EQUITY FUND,N/A,N/A
2138001I27OUBAF22K83,TRAVIS PERKINS PLC,N/A,N/A
2138001I2G96HSVZ6Q55,MICHAEL J DALEY 9/1/97 POLICY TRUST,N/A,N/A
2138001I2RHL6EQ2N532,THE JFR CHARITABLE TRUST,N/A,N/A
2138001I1Y4UE5QOBN70,THE CHARTERED INSTITUTE FOR SECURITIES AND INVESTMENT,N/A,N/A
2138001I36QXRAUL4F24,AMUNDI ESG SELECTION OBBLIGAZIONARIO,N/A,N/A
2138001I29SFI9H61L32,LEWIS & RABY (ENGINEERS) LIMITED,N/A,N/A
2138001I2U58WHIIN702,SUNFLORA LIMITED,N/A,N/A
2138001I3J8IAEXDMV93,"THE ESTATE OF MRS. R. B. CLOKE, DECEASED DEED OF FAMILY ARRANGEMENT",N/A,N/A
2138001I3CP1D425OJ65,THE CTM UK LTD SSAS,N/A,N/A
2138001I3DVT9AGEW863,THE GORDON FUND,N/A,N/A
2138001I3M8MV3I8NC77,FISHBURN COMMUNICATIONS LIMITED,N/A,N/A
2138001I483GVLIN3H66,LOGICOR SOUTH (GOMARINGEN) B.V.,N/A,N/A
2138001I2TSLCI62P894,BROOKFIELD CORNERS LLC,2138006BBLT6CAV43T27,I.M. PROPERTIES PLC
2138001I4JNRF1X5AO09,BLUEBAND FINANCING LIMITED,N/A,N/A
2138001I4IMLPZX8AP71,ALISTAIR CAIRNS CHILDRENS SETTLEMENT,N/A,N/A
2138001I52P6DIRLMO02,NATASHA HOOD SETTLEMENT,N/A,N/A
2138001I4RQ9AK212C35,THE TRUSTEE FOR MUTTON FAMILY TRUST,N/A,N/A
2138001I4RP89MRG7I94,DONNELLY FAMILY PENSION SCHEME,N/A,N/A
2138001I5HVX2CASDZ71,RONALD WILLIAM KAY WILL TRUST,N/A,N/A
2138001I4G7YLL9IIY14,WORLDFIRST EXECUTIVE PENSION SCHEME,N/A,N/A
2138001I6BZI2315DI61,KGL JOHANSSON 2014 SETTLEMENT FOR MASTER A F L JOHANSSON,N/A,N/A
2138001I5LX5FJCF3B05,ALUMECO SVERIGE AB,213800DBP411T297YC79,ALUMECO ApS
2138001I6H127W55JY07,Picus Co-Investment Fund SCSp SICAV-RAIF,N/A,N/A
2138001I4N44QV4N1858,ØRSTED WIND POWER HOLDING A/S,W9NG6WMZIYEU8VEDOG48,ØRSTED A/S
2138001I6NJ5AEZK3G68,ANDREW MORROW PERSONAL INJURY SETTLEMENT 2014,N/A,N/A
2138001I6TGV2W5OHL07,"ΑΛΕΞΑΝΔΡΟΣ ΤΕΧΝΙΚΗ, ΕΡΓΟΛΗΠΤΙΚΗ, ΚΑΤΑΣΚΕΥΑΣΤΙΚΗ, ΕΜΠΟΡΙΚΗ, ΤΟΥΡΙΣΤΙΚΗ ΑΝΩΝΥΜΗ ΕΤΑΙΡΕΙΑ",N/A,N/A
2138001I5RI9TY34IM65,HIGHBURY HEALTHCARE LIMITED,213800I8V36FKZP53T86,JAMES WALKER (LEITH) LIMITED
2138001I5WTNDWH2FK08,"TREAMEN INVESTMENTS II, S.LU.",959800HH157YME7ASC73,ALBIRANA PROPERTIES SOCIMI SA
2138001I714OFSCEEL98,ACCORD TRUE INVESTMENTS LIMITED,N/A,N/A
2138001I8LFEM5EZVK91,MISS D E ROBERTS DECEASED,N/A,N/A
2138001I7LW2X1FVW925,SCOTTISH GOLDSMITH TRUST,N/A,N/A
2138001I88L6TR971Y78,WIESCO LIMITED,N/A,N/A
2138001I7ISXMTNAOW76,THE GREAT HOMES LIMITED PENSION FUND,N/A,N/A
2138001I8P6ELG7TNS35,A LETTON PERCIVAL & CO LTD,N/A,N/A
2138001I8QHMBP7XA390,OUR HAPPY PLACE,N/A,N/A
2138001I8IF3JELXE140,THE ROSA NAYLOR DISCRETIONARY SETTLEMENT 2006,N/A,N/A
2138001I8OXXAAVUPE32,TRUSTEES OF ALAN RICHARD BALDWIN DECEASED WILL TRUST,N/A,N/A
2138001I7P6QGO69M884,THE CENTAMIN PLC EXECUTIVE AND EMPLOYEE BENEFIT TRUST,N/A,N/A
2138001I9QVEY4VKNK96,THE HAYES GARDENWORLD LIMITED SELF ADMINISTERED RETIREMENT AND DEATH BENEFIT SCHEME,N/A,N/A
2138001I9TLWRFHFSS07,F W BROWN (BUTCHERS) LIMITED EXECUTIVE PENSION SCHEME,N/A,N/A
2138001I9K8OBHBF5S37,ROBECO QI INSTITUTIONAL GLOBAL DEVELOPED CLIMATE CONSERVATIVE EQUITIES,N/A,N/A
2138001IA2IQ434MAS64,ΕΜΜΑΝΟΥΗΛ Π. ΣΑΧΛΟΣ ΑΝΩΝΥΜΗ ΕΤΑΙΡΕΙΑ ΕΜΠΟΡΙΑΣ ΞΥΛΕΙΑΣ ΚΑΙ ΣΥΝΑΦΩΝ ΕΙΔΩΝ,N/A,N/A
2138001I8ZWC9WUW7T42,WOODCROFT & CO LIMITED,N/A,N/A
2138001IB4I64WPY9Y22,RISK CHARITABLE FUND,N/A,N/A
2138001IB8AZ9GLX2379,STRATHAVEN WIND LIMITED,N/A,N/A
2138001IBCTAHCCLCA40,THE DR D C PATTISON WILL TRUST,N/A,N/A
2138001IBL47JEGTYS74,JENNIFER HEWER SETTLEMENT,N/A,N/A
2138001IBEJQ5ZUFP366,R M HARRIS,N/A,N/A
2138001IBC3KLVYX3G05,SION CAPITAL LIMITED,N/A,N/A
2138001IAXL3MW9GEV48,GLOBAL DIVERSIFIED ALTERNATIVE DEBT,N/A,N/A
2138001IALNNK9F6A628,HUB SW CUMBERNAULD DBFM CO LIMITED,N/A,N/A
2138001IATKGUB6GDS86,BOWMER & KIRKLAND LIMITED EXECUTIVE PENSION SCHEME,N/A,N/A
2138001IBYMKYQH5KJ12,AURELIUS CAPITAL MANAGEMENT LTD,N/A,N/A
2138001IAABNT4XM2H79,DAO FAMILY LIMITED,N/A,N/A
2138001IBZWBEGEZOB64,KINNOULL HOLDINGS LIMITED,N/A,N/A
2138001IBZZD1ZOWU281,MRS M J RICHARDS RESIDUARY LIFE INTEREST,N/A,N/A
2138001IBZFYNI7BZO43,CIDRON HUMBER LIMITED,N/A,N/A
2138001IBORU3SUJAP45,ACWA POWER TAWEELAH PROJECT HOLDING COMPANY LIMITED,N/A,N/A
2138001IDCZ18M1X4Y23,KIF TRADE FUND,N/A,N/A
2138001ICEKEK2GLJY58,GRESHAM RECEIVABLES (NO.39) UK LIMITED,N/A,N/A
2138001ID81N4UHIXH97,WIDDINGTON LIMITED,N/A,N/A
2138001IDP5SAOXPHI19,CHANNER PENSION TRUST,N/A,N/A
2138001IDPXXHQZTF703,ANDELSBOLIGFORENINGEN SUNDBRINKEN 2,N/A,N/A
2138001ICQOPOA659768,GT 2 INVEST LTD,N/A,N/A
2138001ICH5C96SSLS24,MRS C J BONFIELD DISCRETIONARY,N/A,N/A
2138001ID8RE1PTRBM92,RLRM CAPITAL LIMITED,N/A,N/A
2138001IC91971DR4923,CHART HOUSE CONSULTING LIMITED,N/A,N/A
2138001IEBSWPXV7NN05,BNP PARIBAS EASY - EQUITY LOW VOL GERMANY,N/A,N/A
2138001IEJY8HLUU8G64,ESTATE OF THE SECOND EARL OF INCHCAPE - MRS NICOLA REINTJES,N/A,N/A
2138001IEM4OKJS17E21,Silom,N/A,N/A
2138001IESVNXYHNBO64,CATCO LIMITED,N/A,N/A
2138001IEAIZWKVK7G88,VÄXJÖ ENERGI AKTIEBOLAG,2138008EMZE35IH4IX97,VÄXJÖ KOMMUNFÖRETAG AB
2138001IEZR2ZWREIT67,SOLIUM TRUSTEE (UK) LIMITED,213800JWUGXSKRRXH557,SOLIUM CAPITAL UK LIMITED
2138001IG83NGYJ32L60,PROWAY PROFESSIONALS LTD,N/A,N/A
2138001IF27JVIBPYN77,THE JANE SCOTT DOVE TRUST FUND,N/A,N/A
2138001IF8HLT54KA417,EXNESS (UK) LTD,N/A,N/A
2138001IFYMCL8SL4Q55,TWO TALES PRODUCTIONS LIMITED,N/A,N/A
2138001IGCF85CRI5P39,WILL'S FARM TRUST,N/A,N/A
2138001IF7D632BOBL77,R E EARLY'S CHARITABLE SETTLEMENT,N/A,N/A
2138001IG1264D3FT789,THE LILY BAY TRUST,N/A,N/A
2138001IGD7F56FHIJ56,SEEBACH FILTER SOLUTIONS INDIA PRIVATE LIMITED,N/A,N/A
2138001IGHETYJNP8L22,PROFESSOR C F CULLIS DISCRETIONARY SETTLEMENT,N/A,N/A
2138001IGKSDPZ5GYS82,CREST NICHOLSON GROUP PENSION & LIFE ASSCE SCHEME,N/A,N/A
2138001IHBSWCFTKIG81,CRACKNORE INVESTMENT LIMITED,N/A,N/A
2138001IGVN8E1K8B569,MRS CEG KERR 1994 INTER VIVO,N/A,N/A
2138001IHLHVR3K3HN49,KULNEFF HOLDING LIMITED,N/A,N/A
2138001IHVYPTBXGDQ64,AMUNDI PRIVATE FINANZA DIGITALE 2025,N/A,N/A
2138001IF2SVA77DR848,PALACE CAPITAL (SIGNAL) LTD,2138009JDFQOXJFCJQ05,PALACE CAPITAL PLC
2138001IIGL6NXFEK432,NEIGHBOUR COMMUNICATIONS LIMITED,N/A,N/A
2138001IKW8V52GUBC81,MISS EMILY FRANCES LIGGINS TRUST,N/A,N/A
2138001IK1EOGC99LR29,HAMISH MACKIE SCULPTURE LIMITED,N/A,N/A
2138001ILCVI9FUXHE66,DEEM GLOBAL CO-INVESTMENT OPPORTUNITIES SPC,N/A,N/A
2138001IJ63O18DZ9A82,ICYDK LIMITED,N/A,N/A
2138001IKGBS6T3B6151,CLARION ASSET MANAGEMENT LLP,N/A,N/A
2138001IIL5FZSS8KD64,THE CHARLES DAVID MUNOZ CORREAL SETTLEMENT 2016,N/A,N/A
2138001IL8NKLJFP3206,THE LYNETTE POULTER WEALTH PRESERVATION TRUST,N/A,N/A
2138001IK419KZIM9Y15,B P NICHOLLS DECEASED TRUST,N/A,N/A
2138001ILFE9KHKPBZ06,THE DONALD CAPE DISCRETIONARY SETTLEMENT,N/A,N/A
2138001ILOM8XXSSMG62,WICKES EMPLOYEE BENEFIT TRUST,N/A,N/A
2138001IM2UNXHLXPM91,GZL TRADING LIMITED,N/A,N/A
2138001IM6N6CYJ6UB07,JEREMY AITCHISON'S LIFE INTEREST SETTLEMENT,N/A,N/A
2138001IM7SVSB4OA586,MANSUKHLAL GORDHANDAS GANATRA & SHILA MANSUKHLAL GANATRA,N/A,N/A
2138001IIOTKTSG1D760,INTERBRAND ITALIA SRL,HKUPACFHSSASQK8HLS17,OMNICOM GROUP INC.
2138001INOE19V9KPG18,AZUREX LIMITED,N/A,N/A
2138001IMSOKKTSC7328,THE RICKY JOHN BENTHAM TRUST,N/A,N/A
2138001IN87XFWB76M09,IRVINE BURNS CLUB,N/A,N/A
2138001IMPGP1KZSD873,THE DOUGLAS STUART DISCRETIONARY TRUST,N/A,N/A
2138001IN1Y5URGIFH86,AXA GLOBAL INFRASTRUCTURE EQUITY ICAV,N/A,N/A
2138001IMJY7DJ12QG25,THE AFFIRMATIVE FIXED INTEREST FUND FOR CHARITIES,N/A,N/A
2138001IN6XY2E88UX09,CLIMATE TRANSITION BOND FUND,N/A,N/A
2138001IMC6H5TFT4M85,RIWIMATO AS,N/A,N/A
2138001IMM9LJ3KUZT89,STRATEGIC PARTNERS FEEDER REAL ESTATE VIII AIV (LUX) SCSP,N/A,N/A
2138001IMIM1VC7GX983,KIN AND CARTA PLC EMPLOYEE BENEFIT TRUST,N/A,N/A
2138001INYX2WS68MB45,PEAT FAMILY PENSION TRUST,N/A,N/A
2138001INQLP8TOHF427,HAROLD DEREK BARTON WILL TRUST,N/A,N/A
2138001INQRKX5BOFV40,VR VAL D'EUROPE SCI,N/A,N/A
2138001INUMGG5QVEC84,THE LVE 1799 TRUST,N/A,N/A
2138001INQ78UG1NNC20,IVM PCC 005,N/A,N/A
2138001IO4HYSXX5UZ41,KYROS ISSUANCE LUX,N/A,N/A
2138001IOIDOCPL66C97,INFINIS ENERGY MANAGEMENT LIMITED,N/A,N/A
2138001IOQ7EZW37RQ70,DORWARD HOUSE MONTROSE SCHEME 1934,N/A,N/A
2138001IP72FDAWFHK27,EBENISTE PINE LTD RETIREMENT BENEFITS SCHEME,N/A,N/A
2138001IPGMGEY7HFL10,TOBY'S FUND AND ELEANOR'S FUND,N/A,N/A
2138001IP25GAF7DK314,BROAD REACH EXPLORER MASTER FUND LP,N/A,N/A
2138001IOWLA2RLB8H66,WHITEHILL CHASE FOUNDATION,N/A,N/A
2138001IPI8H347S1648,SAFETY MANAGEMENT OVERSEAS S.A.,N/A,N/A
2138001IOZLSI5I52G09,LINCOLNSHIRE FIELD PRODUCTS LTD EXECUTIVE PENSION SCHEME,N/A,N/A
2138001IOX6X2YD6AD03,TULLAMORE TRUST,N/A,N/A
2138001IQHXU58HAZG04,MRS A A WALKER DECEASED WILL TRUST,N/A,N/A
2138001IQIZHQZQOQ381,C.P.S. FINANCIAL SOLUTIONS LTD,N/A,N/A
2138001IQE99HMHO7878,THE DAVID KERWIN GALE WILL TRUST,N/A,N/A
2138001IPMIKNKE2D780,KINDERS LIMITED,N/A,N/A
2138001IQQ3UAUSSQ270,MICHAEL JOHN ROWE WILL TRUST,N/A,N/A
2138001ISB2HBAVDS574,"ACER INVESTMENT GROUP, LLC RETIREMENT PLAN",N/A,N/A
2138001ISDH18BE9EA72,DR GULSHAN DOCTOR DISCRETIONARY TRUST,N/A,N/A
2138001IQVRXB6WM1938,GUARDIAN PENSION FUND,N/A,N/A
2138001ISP7Z4JGYJY63,RBS CAPITAL FUNDING LLC VI,N/A,N/A
2138001ISPZBNPJGDN68,THE GUTTRIDGE WILL TRUST,N/A,N/A
2138001IRK71FG13Y495,NATIONAL LEARNING AND WORK INSTITUTE,N/A,N/A
2138001IQR5EXPNEM136,JOHN ELIOT FOOTWEAR LTD RBS,N/A,N/A
2138001IQSI3JJU4AV08,WEATHERWISE D P S,N/A,N/A
2138001ISUV8DZED8103,THE H M COWARD DISCRETIONARY TRUST,N/A,N/A
2138001ISSG18AIV8B41,AMCOR MEDIFLEX LIMITED,N/A,N/A
2138001ITPDG1UHUIJ81,EUROCOMPTALUX,N/A,N/A
2138001IT5DRSJVGJC44,MRS. FREDA MALLOCH'S TESTAMENTARY TRUST,N/A,N/A
2138001IUD1NL96DOL76,INCORPORATION OF BAKERS OF GLASGOW,N/A,N/A
2138001IUJ15IT668O36,WATCHSTONE GROUP PLC,N/A,N/A
2138001IUGVZWBUZ7139,Tangerine Investment Holdings Ltd,N/A,N/A
2138001IX1MU18BO3T54,Öresundslinjen Helsingborg AB,N/A,N/A
2138001IX11JRCGQUX20,DATAQUEST GROUP LIMITED,N/A,N/A
2138001IVERAO58XJO71,FRANCHISE INVESMENTS DNE AND YL SASS,N/A,N/A
2138001IW2EIZVJQ2K36,PROJECT BOND BIDCO LIMITED,N/A,N/A
2138001IULQMZR2QOQ52,WARWICK INTERNATIONAL HOTELS N.V.,N/A,N/A
2138001IUMNNT79MR166,JOAN TRAFFORD WILL TRUST,N/A,N/A
2138001IUVW2HK53JN59,ΠΕΝΚΟ ΑΝΩΝΥΜΗ ΕΤΑΙΡΕΙΑ ΜΕΣΙΤΩΝ ΑΣΦΑΛΙΣΕΩΝ,N/A,N/A
2138001IW3KF4ZZOT872,PRIMATECH INVESTMENTS LTD.,N/A,N/A
2138001IUY9CEJUEOG31,MERITUM SECURITIES LIMITED,N/A,N/A
2138001IV7866NM2H442,CELSIUS GLOBAL FUNDS SICAV PLC - BARCLAYS DYNAMIC 80 TRACKER FUND,N/A,N/A
2138001IXYS4BXVGC230,ACCORD PHOENIX S.R.L.,N/A,N/A
2138001IX27SAVVJVS69,PETER DONALDSON TURNER WILL TRUST,N/A,N/A
2138001IX7WDSVCYX964,COLLEN BROTHERS (QUARRIES) LIMITED,N/A,N/A
2138001IXV2ZY1BDZR68,M H W 2001 PENSION SCHEME,N/A,N/A
2138001IX5WB5PA98W23,Strategic Europæiske Aktier A/S,N/A,N/A
2138001IY89PMPBC3U88,PIE MINISTER LIMITED EXECUTIVE PENSION SCHEME,N/A,N/A
2138001IYVS4NC3VS750,THE GRAHAM JACKSON WILL TRUST,N/A,N/A
2138001IZJINN425Z526,THE GREGORY RETIREMENT FUND,N/A,N/A
2138001IZM9IA5I3OD73,TRUE POTENTIAL UBS CAUTIOUS,N/A,N/A
2138001IY3EHW41KHF56,DONALD W MCLEOD DISCRETIONARY WILL TRUST,N/A,N/A
2138001IZBOTL57QRT22,J M OWAD WILL TRUST,N/A,N/A
2138001IZNYCZD8Y3991,LINO DE CAMPI WILL TRUST,N/A,N/A
2138001IZNZB6JSUJK78,THE ST HELENS HOUSING ASSOCIATION TRUST,N/A,N/A
2138001IZR7YJ3SKVR24,IAN LONGBOTTOM SSAS,N/A,N/A
2138001IZPDNDOXX7J37,Amundi USA Devizarészvény Alapok Alapja,N/A,N/A
2138001IZYW76GPHMS17,THE FREDA HUGHES 2021 FAMILY TRUST,N/A,N/A
2138001IYNFF2GMMFU50,STE EXPLOITATION PARC EOLIEN MARQUAY,815600FE211A818BAE58,ERG POWER GENERATION S.P.A.
2138001IYANISP1IBR44,CELSIUS EUROPEAN LUX 2 S.À R.L.,OQ3T05P7YR8P5YJEVI93,BANK OF SCOTLAND PLC
2138001J1B3ZIO5GZP31,MTAL INFRASTRUCTURE FUND I,N/A,N/A
2138001J1IODY7RFKP50,DAVIS FAMILY PENSION TRUST.,N/A,N/A
2138001J1ZBR3FR12Y07,THE MATTHEWS P J & S FAMILY TRUST 2014,N/A,N/A
2138001J1JR2Z6C9Z148,THE GROOCOCK WILL TRUST,N/A,N/A
2138001J2S8146O48290,ΣΙΟΥΡΑΣ Α.Γ.Β.Ε.,N/A,N/A
2138001J391L31EGFT78,2ND LORD BIDDULPH WILL TRUST,N/A,N/A
2138001J1MF9VL7OVD71,TARHA PRACTICES LIMITED,N/A,N/A
2138001J2N5Q62N8FH49,"STEADVIEW TARGETED HOLDINGS IV, LTD",N/A,N/A
2138001J21QK3LE6K181,HSBC NASDAQ GLOBAL SEMICONDUCTOR UCITS ETF,N/A,N/A
2138001J1L1M82XW1S69,AILSA OIL & GAS LIMITED,N/A,N/A
2138001J1UAU94CVSU37,THE GRAHAM RICHARD GIDLEY WILL TRUST,N/A,N/A
2138001J49AJL68YPM08,FASTNET SECURITIES 18 DESIGNATED ACTIVITY COMPANY,N/A,N/A
2138001J48KAQYSHFG64,SEGREGATED PORTFOLIO SIX - TCCC,N/A,N/A
2138001J3WDXAVV4XK84,AMDALE SECURITIES LIMITED,N/A,N/A
2138001J3EYJHUO5EC53,G SQUARE HEALTHCARE PRIVATE EQUITY LLP,N/A,N/A
2138001J1VNDJIVF4211,AV EQUITY TRADING LIMITED,2138006FKSQ6LQ5JNP29,ARUNVILL CAPITAL LIMITED
2138001J3T7SGZBYYE68,THE TRELIX FAMILY TRUST,N/A,N/A
2138001J5FUYSDI4S445,QUINTESSENTIALLY ESTATES LIMITED,N/A,N/A
2138001J4FMNRAFKBK06,MRS S F SIMS DISCRETIONARY TRUST,N/A,N/A
2138001J5X432CNA3186,LANDBRUGERE BIRGER PRIMDAHL/LOTTE PRIMDAHL,N/A,N/A
2138001J4FASUBWGTI25,MATTWELL DEVELOPMENTS LIMITED,N/A,N/A
2138001J53E7S15SKA36,CINVEN STRATEGIC FINANCIALS FUND LIMITED PARTNERSHIP,N/A,N/A
2138001J5CDE5JKEVW11,MRS H C F BEHRENS SETTLEMENT FOR FANNY BEHRENS,N/A,N/A
2138001J4SKHSTAB7531,BREVAN HOWARD SPECIAL OPPORTUNITIES AC FUND LIMITED,N/A,N/A
2138001J5ZT1KMHXF852,ADH HOMES LIMITED,N/A,N/A
2138001J4O6BKFBGTK72,KENNET LUNDBERG AB,N/A,N/A
2138001J5ZHR79Y14970,THE HNK FAMILY TRUST,N/A,N/A
2138001J61H2O66B4H41,THE DAVID MCKEOWN CARE TRUST 2018,N/A,N/A
2138001J6AXD8W343445,"THE COLONEL COMMANDANTS FUND, ROYAL TANK REGIMENT",N/A,N/A
2138001J613G6L3DS251,WILLIS JOAN BATES WILL TRUST,N/A,N/A
2138001J6798MC4NEQ91,ENTREPRENEUR CAPITAL I,N/A,N/A
2138001J6AZOAZMHQJ05,MR AND MRS GOODRIDGE-COX'S 2010 DISCRETIONARY TRUST,N/A,N/A
2138001J8S36AKMEDZ33,"EPFPORTO ANTAS, S.A.",N/A,N/A
2138001J85N9XZ25XN10,POZNAŃ RETAIL SPÓŁKA Z OGRANICZONĄ ODPOWIEDZIALNOŚCIĄ,N/A,N/A
2138001J8Q92TMHYZL21,STENA Rederi A/S,N/A,N/A
2138001J6XJYIW9J7P62,MAKTO OFFSHORE FUND II LTD.,N/A,N/A
2138001J8LXJ8LNKVZ18,THE CHARLOTTE FRASER 1984 SETTLEMENT,N/A,N/A
2138001J6S7REUN6Q320,ADF PROPERTY LIMITED,N/A,N/A
2138001J884UUHTKFU47,AL HIKMA DEVELOPMENT COMPANY PSC,N/A,N/A
2138001J8C9XL8F12149,ROBERTS KEEN INDEPENDENT FINANCIAL ADVISERS LIMITED,N/A,N/A
2138001J9AGYCF473H73,THE BRAY TRUST,N/A,N/A
2138001J9JJLNOOF2S07,ZUBRYONOK LIMITED,N/A,N/A
2138001J9659L1WNYN12,PROFESSOR CHRISTOPHER HOLDSWORTH'S TESTAMENTARY TRUST FOR GRANDCHILDREN,N/A,N/A
2138001J743CEE1ICK74,FRANKLIN TEMPLETON INVESTMENT TRUST MANAGEMENT LIMITED,213800OFPTFCEOS5TR91,EDINBURGH PARTNERS LIMITED
2138001J9GMKW67G9464,MF/INVESCO PI J-REIT INDEX FUND II,N/A,N/A
2138001J9XEWLIJY4O62,LLOYDS BANK TRUST COMPANY (INTERNATIONAL) LIMITED,H7FNTJ4851HG0EXQ1Z70,LLOYDS BANK PLC
2138001J7ZLHVNRTA718,"SHELL SLOVAKIA, S.R.O.",21380068P1DRHMJ8KU70,SHELL PLC
2138001JAMXT5BC4VS91,BANCOPOSTA OBBLIGAZIONARIO 3 ANNI,N/A,N/A
2138001JAD7FF44V4L63,APERA BOND S.C.S. SICAV-RAIF,N/A,N/A
2138001JBLO4VWDNV907,PLAN-IT OFFICE SOLUTIONS LIMITED,N/A,N/A
2138001JBR56SSTHRH02,JAMES AND VANESSA STRUTT DISCRETIONARY SETTLEMENT,N/A,N/A
2138001JBFNQAKI1KA58,SENATOR INTERNATIONAL LIMITED,N/A,N/A
2138001JAIUOSLWIFX04,SEMINE LIMITED,N/A,N/A
2138001JAP311MVUZ948,INFRASTRATA PLC,N/A,N/A
2138001JBGUL7LRIGT63,I F JACKSON DISCRETIONARY WILL,N/A,N/A
2138001JCO9PRF2QKY65,THE BRITISH SOCIETY OF DENTAL HYGIENE AND THERAPY LIMITED,N/A,N/A
2138001JDEDIRAGZPQ57,ABANCAY LIMITED,N/A,N/A
2138001JDGS4XE5SO628,"BH DIGITAL LIQUID DIRECTIONAL MASTER FUND I, LP",N/A,N/A
2138001JDPE7YF7PWM41,CASTLESTONE NEXT GENERATION UCITS FUND,N/A,N/A
2138001JDRRPCLW3AE65,GLOBAL EQUITY GROWTH FUND,N/A,N/A
2138001JBTBMU7NABZ19,KENTRAK LIMITED,N/A,N/A
2138001JD4NKAXWFG315,ÖSTERLENMEJERIET AB,2138003CEQ5VVVXGL489,PROVIVA AB
2138001JG7HEIYJ8O504,CHILDREN'S AID COMMITTEE CHARITABLE FUND,N/A,N/A
2138001JFA5DNGAHXE78,BLUE FIN OFFICE PROPCO LIMITED,N/A,N/A
2138001JGNXA5L5JZZ53,THE SYLVIA RICHARDS' CHILDREN TRUST,N/A,N/A
2138001JFZEUR6ZL9H26,P A HAMBLEN 1985 SETTLEMENT,N/A,N/A
2138001JGW8A5VMWSP24,JOAN KIMBER WILL TRUST,N/A,N/A
2138001JFYF5EBRIDT09,ARDEN HOUSE DISCRETIONARY SETTLEMENT 2021,N/A,N/A
2138001JFBR63H57M506,STORM INVESTMENTS LIMITED,N/A,N/A
2138001JHAXS588MP406,WILKINSON BUILDING CO. (LEEDS) LIMITED,N/A,N/A
2138001JFL2M44R2R732,THE M T AND S D BURTON CHARITABLE SETTLEMENT,N/A,N/A
2138001JHEL125H1WP02,Dubonnet Courbevoie S.C.I,N/A,N/A
2138001JHVMR3I4NS635,PETER B WALSH RESIDUARY TRUST,N/A,N/A
2138001JHU9G6RPUTD05,STIRLING CHASE & CO LTD,N/A,N/A
2138001JIMBVGZ5A3F69,MR GEOFFREY REDFERN LIFE INTEREST TRUST,N/A,N/A
2138001JICETBAQEEC20,BARLOWORLD EQUIPMENT UK LIMITED,N/A,N/A
2138001JGJUVWR1VFR39,HEP MAURITIUS LIMITED,2138009WPYMWJN3RVF44,JANUS HENDERSON GROUP PLC
2138001JKGK6R59VHH95,PETER BULL GRANDCHILDRENS WILL TRUST,N/A,N/A
2138001JKGIRAAB58402,"GRACE HALL OPPORTUNITY FUND, LLC",N/A,N/A
2138001JJO5YYNAC5B57,OVERBERG ASSET MANAGEMENT (PTY) LTD,N/A,N/A
2138001JK7S9XH1XG417,HON RACHEL LANE FOX'S SETTLEMENT MAIN FUND 01/11/91 (FORMERLY T1049),N/A,N/A
2138001JJRS5A3I4T992,C G BURGE DISCRETIONARY TRUST 7/,N/A,N/A
2138001JJS3L47PEA522,THE LAND RESTORATION TRUST,N/A,N/A
2138001JKCD2HE9SL467,TOKHEIM LIMITED (WORKS) RETIREMENT BENEFITS SCHEME,N/A,N/A
2138001JJI1PSMB1UF93,DATUM TRUST,N/A,N/A
2138001JJMRDAIIUOD44,THE EMERALD TRUST,N/A,N/A
2138001JKIZEJ1CMA240,BARSOOM LTD,N/A,N/A
2138001JKKYPJLPN8N45,THE R M BRAKE CHILDRENS SETTLEMENT,N/A,N/A
2138001JL2N97SCLAW06,HSBC MSCI EMERGING MARKETS VALUE ESG FUND,N/A,N/A
2138001JLDFSJLHAYE94,ANRITSU EMEA LIMITED,N/A,N/A
2138001JJNHJUY652O92,ROYAL & SUNALLIANCE INSURANCE AGENCY LLC,549300HOGQ7E0TY86138,RSA INSURANCE GROUP LIMITED
2138001JL6NRN7AF4V35,CIM FINANCIAL SERVICES LTD,N/A,N/A
2138001JLGLG5RLD6O75,ORTUS AIRCRAFT LEASE 4 LTD,N/A,N/A
2138001JLPNX4VOU1223,AMUNDI FLEX REACT PANDA 8/2021,N/A,N/A
2138001JLVQTS2QG2L38,THE FIONA CLEAVELEY STATUTORY TRUST FOR JOHN,N/A,N/A
2138001JLL68WV9CFA49,SCITUS CAPITAL HOLDINGS RAIF V.C.I.C. LTD,N/A,N/A
2138001JLTR1ICLWVJ78,EB SMITH GRANDCHILDREN'S TRUST,N/A,N/A
2138001JLQ1U1CG4WZ78,ERIC ISADORE FLEURET DECEASED LIFE INTEREST WILL TRUST,N/A,N/A
2138001JLEBX8JDEES15,CRYSTAL VIEW TRUST,N/A,N/A
2138001JLNFQSFG8ZG28,BRAUNTON IFA LTD,N/A,N/A
2138001JLMJFO5693P65,CMI CHARITABLE TRUST,N/A,N/A
2138001JLZVZQWHEKV22,ROBECO ALL STRATEGIES FUNDS - ROBECO QI CONSERVATIVE MULTI ASSET,N/A,N/A
2138001JM1XLOJJKIN04,MRS V M HARRISON DECEASED WILL TRUST,N/A,N/A
2138001JM1D38Q85T434,R G AUSTIN 1984 SETTLEMENT,N/A,N/A
2138001JLYPJQJ5XR309,THE COLIN DOUGLAS SIDNEY HOBSON DECEASED SETTLEMENT,N/A,N/A
2138001JM89ANQK4F429,THE BRITISH FOOTWEAR DEVELOPMENT TRUST,N/A,N/A
2138001JLVEQSCBA3Z89,RITA KONIG LIMITED,N/A,N/A
2138001JNIFA3YJ85Z68,RPW INVESTMENTS LIMITED,N/A,N/A
2138001JNNHWCIF38D72,THE EIGHT ACRE FARM INVESTMENT LIMITED,N/A,N/A
2138001JMKJDGGG1L888,Hilary Crabb Discounted Gift Trust,N/A,N/A
2138001JMRCFC9V4W420,SUPERLAY FELTS LIMITED DIRECTOR PENSION PLAN,N/A,N/A
2138001JNAS6SMXQ4741,THE DEAN CLOSE FOUNDATION,N/A,N/A
2138001JMUD36SJ6AF87,ARJO PENSION TRUSTEE LIMITED,N/A,N/A
2138001JN7AXX9GP4H63,GREAT PACIFICA INVESTMENTS LIMITED,N/A,N/A
2138001JMYN7224SMM09,YY MANAGEMENT HOLDINGS LTD,N/A,N/A
2138001JNPLCATJ9D471,THE CRAIG MAY DISCRETIONARY SETTLEMENT,N/A,N/A
2138001JOBFQB3PDQY61,TREVISO 1978 LTD,N/A,N/A
2138001JNUU29CXLYH74,THE SHANTI SURI NO 2 DISCRETIONARY SETTLEMENT,N/A,N/A
2138001JOJ65KEALOP26,GAIGER BROS EXECUTIVE PENSION SCHEME,N/A,N/A
2138001JNK8B966HJR09,THE COCK FAMILY DISCRETIONARY SETTLEMENT,N/A,N/A
2138001JOJK911RS3920,SUSTAINABLE EUROPE VALUE,N/A,N/A
2138001JNNHCO1Z37J12,BRICKVEST IM LTD,89450079WLD4WLTRHU69,BrickVest ltd
2138001JOQH8WTW8R173,THE CAMELOT TRUST,N/A,N/A
2138001JOSCXJ2G8VI53,THE I.M.L. PENSION SCHEME,N/A,N/A
2138001JPU17DTYN3W62,GPH MALTA FINANCE P.L.C.,N/A,N/A
2138001JOUIGS33JYV14,EQT INFRASTRUCTURE II INVESTMENTS S.À R.L.,N/A,N/A
2138001JOTQ5HYKZAR64,AJT CUTHBERT (A MINOR),N/A,N/A
2138001JOJZV3EY73B05,TROJAN GLOBAL INCOME FUND,N/A,N/A
2138001JP55QODME4M64,FIRST AVENUE CONSULTING LTD,N/A,N/A
2138001JPBIFTOIED852,CVC CREDIT PARTNERS GLOBAL CLO MANAGEMENT II PCC,N/A,N/A
2138001JPTY41M2JS216,LORD BATH'S WILL TRUST - SOPHIA'S SETTLED LEGACY FUND,N/A,N/A
2138001JPCNQDPK7NK57,OISE HOLDINGS LIMITED,N/A,N/A
2138001JQCQC6SWTGT56,SUBISHICO TRADING CO. LIMITED,N/A,N/A
2138001JPWCXBLYJK213,R B AYERS DISCRETIONARY WILL TRUST,N/A,N/A
2138001JQ9FLLTE7Y812,SPRING DREAM LIMITED,N/A,N/A
2138001JQIDRSAIJ2219,G R SIMMONDS WILL TRUST,N/A,N/A
2138001JQFDRE4GZT544,PLUMSTEAD FARMS LIMITED,N/A,N/A
2138001JSFFQVX6SUZ55,BNP PARIBAS PROTECT - INDEX SUSTAINABLE 1,N/A,N/A
2138001JR19UXYF5T928,L-SQUARE COMMODITIES IC SICAV P.L.C.,N/A,N/A
2138001JR7IILXLJ1K42,HEADWAY INVESTMENT PARTNERS II-A L.P.,N/A,N/A
2138001JSSZ5QPV8KF10,FIRST ROBERT LUMSDEN PROPERTY COMPANY LIMITED,N/A,N/A
2138001JQK9CSIJAS415,THELMA VEASEY TRUST (H.J.E.),N/A,N/A
2138001JS9724JWZJZ33,LOMOND CAPITAL NO.1 LTD,N/A,N/A
2138001JRRW13KTTGH88,ESOTERIC HOLDINGS LIMITED,N/A,N/A
2138001JTTYYRNB9TK78,MJFN LIMITED,N/A,N/A
2138001JTRCUH6E31G52,Stana International Ltd.,N/A,N/A
2138001JT42XHVXPGH09,EDWARDS ADVISERS LIMITED,N/A,N/A
2138001JRCRN7WGSM347,BRASS NO.8 PLC,WXD0EHQRPI7HKN3I5T57,YORKSHIRE BUILDING SOCIETY
2138001JSLEM89ZK3V62,THE CHARLES AINSWORTH WILL TRUST,N/A,N/A
2138001JT7QG1XZ1SF38,HSBC EQUITY HYBRID FUND,N/A,N/A
2138001JUF13ZY6ZOI08,THE ABERDEEN FOUNDATION,N/A,N/A
2138001JQVKT7KPD4H06,J.P.M. LIMITED,213800EXBLX1WF9BAK54,MSV GROUP LIMITED
2138001JV9DY7H8RWE60,FOOTASYLUM PLC,N/A,N/A
2138001JWWTPNWNIE315,CIREF BERLIN 1 LIMITED,N/A,N/A
2138001JXKH3JG9LJQ19,GABANIUM ApS,N/A,N/A
2138001JXGCFKBXYB828,RIGHTMOVE PLC,N/A,N/A
2138001JWP7U8PL8JB66,A R STEWART'S WILL TRUST,N/A,N/A
2138001JWUBORDCMKA98,WILLIAM PAX BERENGER BENGER DISCRETIONARY WILL TRUST,N/A,N/A
2138001JVQBTOOK1B528,TREE TRUST,N/A,N/A
2138001JUM4HK97PTS52,THE EMERY SETTLEMENT 1,N/A,N/A
2138001JY9HWOTAKNR67,CENTRAL MANCHESTER HOLDINGS LIMITED,N/A,N/A
2138001JY4QRDCRYUF14,THE PARSONAGE TRUST,N/A,N/A
2138001JY7EFVPQBZD59,MARY PATRICIA BALCHIN TRUST,N/A,N/A
2138001JY9YE5XEJ8R19,PALIGAP LIMITED,N/A,N/A
2138001JYPMCP3295G61,GOTOGATE INTERNATIONAL AB,N/A,N/A
2138001JVRHMVMBOKZ65,ST. JAMES'S PLACE UK GROWTH UNIT TRUST,5493000HHTSNKGSUQO52,ST. JAMES'S PLACE UNIT TRUST GROUP LIMITED
2138001JUXLNUREENP11,ΑΝΑΝΕΩΣΙΜΕΣ ΠΗΓΕΣ ΕΝΕΡΓΕΙΑΣ ΚΑΡΥΣΤΙΑΣ ΜΟΝΟΠΡΟΣΩΠΗ ΑΝΩΝΥΜΗ ΕΤΑΙΡΕΙΑ,213800KT8MEUJEJ2KW41,METLEN ENERGY & METALS Α.Ε.
